<?xml version="1.0" encoding="ISO-8859-1"?> 
<?xml-stylesheet href="latest_ob.xsl" type="text/xsl"?>
<current_observation version="1.0"
	 xmlns:xsd="http://www.w3.org/2001/XMLSchema"
	 xmlns:xsi="http://www.w3.org/2001/XMLSchema-instance"
	 xsi:noNamespaceSchemaLocation="http://www.weather.gov/view/current_observation.xsd">
	<credit>NOAA's National Weather Service</credit>
	<credit_URL>http://weather.gov/</credit_URL>
	<image>
		<url>http://weather.gov/images/xml_logo.gif</url>
		<title>NOAA's National Weather Service</title>
		<link>http://weather.gov</link>
	</image>
	<suggested_pickup>15 minutes after the hour</suggested_pickup>
	<suggested_pickup_period>60</suggested_pickup_period>
	<location>SW Extension</location>
	<station_id>31004</station_id>
	<latitude>-14</latitude>
	<longitude>-32</longitude>
	<observation_time>Last Updated on Apr 27 2010, 6:00 am ST </observation_time>
        <observation_time_rfc822>Tue, 27 Apr 2010 06:00:00 +0000</observation_time_rfc822>
	<temperature_string>44.6 F (7.0 C)</temperature_string>
	<temp_f>44.6</temp_f>
	<temp_c>7.0</temp_c>
	<water_temp_f>32.0</water_temp_f>
	<water_temp_c>0.0</water_temp_c>
	<wind_string>North at 23.0 MPH (20.02 KT)</wind_string>
	<wind_dir>North</wind_dir>
	<wind_degrees>360</wind_degrees>
	<wind_mph>23.0</wind_mph>
	<wind_kt>20.02</wind_kt>
	<pressure_string>1026.0 mb</pressure_string>
	<pressure_mb>1026.0</pressure_mb>
	<pressure_tendency_mb>1.5</pressure_tendency_mb>
	<dewpoint_string>37.4 F (3.0 C)</dewpoint_string>
	<dewpoint_f>37.4</dewpoint_f>
	<dewpoint_c>3.0</dewpoint_c>
	<windchill_string>36 F (2 C)</windchill_string>
      	<windchill_f>36</windchill_f>
      	<windchill_c>2</windchill_c>
	<visibility_mi>4.90</visibility_mi>
	<wave_height_m>1.5</wave_height_m>
	<wave_height_ft>4.92</wave_height_ft>
	<dominant_period_sec>4</dominant_period_sec>
	<mean_wave_dir>North</mean_wave_dir>
	<mean_wave_degrees></mean_wave_degrees>
	<disclaimer_url>http://weather.gov/disclaimer.html</disclaimer_url>
	<copyright_url>http://weather.gov/disclaimer.html</copyright_url>
	<privacy_policy_url>http://weather.gov/notice.html</privacy_policy_url>
</current_observation>
