<?xml version="1.0" encoding="ISO-8859-1"?> 
<?xml-stylesheet href="latest_ob.xsl" type="text/xsl"?>
<current_observation version="1.0"
	 xmlns:xsd="http://www.w3.org/2001/XMLSchema"
	 xmlns:xsi="http://www.w3.org/2001/XMLSchema-instance"
	 xsi:noNamespaceSchemaLocation="http://www.weather.gov/view/current_observation.xsd">
	<credit>NOAA's National Weather Service</credit>
	<credit_URL>http://weather.gov/</credit_URL>
	<image>
		<url>http://weather.gov/images/xml_logo.gif</url>
		<title>NOAA's National Weather Service</title>
		<link>http://weather.gov</link>
	</image>
	<suggested_pickup>15 minutes after the hour</suggested_pickup>
	<suggested_pickup_period>60</suggested_pickup_period>
	<location>Samba</location>
	<station_id>31001</station_id>
	<latitude>0</latitude>
	<longitude>-35</longitude>
	<observation_time>Last Updated on Jan 28 2010, 6:00 pm ST </observation_time>
        <observation_time_rfc822>Thu, 28 Jan 2010 18:00:00 +0000</observation_time_rfc822>
	<temperature_string>39.2 F (4.0 C)</temperature_string>
	<temp_f>39.2</temp_f>
	<temp_c>4.0</temp_c>
	<water_temp_f>33.8</water_temp_f>
	<water_temp_c>1.0</water_temp_c>
	<wind_string>East at 8.0 MPH (6.99 KT)</wind_string>
	<wind_dir>East</wind_dir>
	<wind_degrees>110</wind_degrees>
	<wind_mph>8.0</wind_mph>
	<wind_kt>6.99</wind_kt>
	<pressure_string>1005.2 mb</pressure_string>
	<pressure_mb>1005.2</pressure_mb>
	<dewpoint_string>39.2 F (4.0 C)</dewpoint_string>
	<dewpoint_f>39.2</dewpoint_f>
	<dewpoint_c>4.0</dewpoint_c>
	<windchill_string>34 F (1 C)</windchill_string>
      	<windchill_f>34</windchill_f>
      	<windchill_c>1</windchill_c>
	<visibility_mi>0.10</visibility_mi>
	<mean_wave_dir>Southeast</mean_wave_dir>
	<mean_wave_degrees></mean_wave_degrees>
	<disclaimer_url>http://weather.gov/disclaimer.html</disclaimer_url>
	<copyright_url>http://weather.gov/disclaimer.html</copyright_url>
	<privacy_policy_url>http://weather.gov/notice.html</privacy_policy_url>
</current_observation>
