<?xml version="1.0" encoding="ISO-8859-1"?> 
<?xml-stylesheet href="latest_ob.xsl" type="text/xsl"?>
<current_observation version="1.0"
	 xmlns:xsd="http://www.w3.org/2001/XMLSchema"
	 xmlns:xsi="http://www.w3.org/2001/XMLSchema-instance"
	 xsi:noNamespaceSchemaLocation="http://www.weather.gov/view/current_observation.xsd">
	<credit>NOAA's National Weather Service</credit>
	<credit_URL>http://weather.gov/</credit_URL>
	<image>
		<url>http://weather.gov/images/xml_logo.gif</url>
		<title>NOAA's National Weather Service</title>
		<link>http://weather.gov</link>
	</image>
	<suggested_pickup>15 minutes after the hour</suggested_pickup>
	<suggested_pickup_period>60</suggested_pickup_period>
	<location>CANAVERAL EAST 120NM East of Cape Canaveral</location>
	<station_id>41010</station_id>
	<latitude>28.906</latitude>
	<longitude>-78.471</longitude>
	<observation_time>Last Updated on Mar 8 2011, 7:50 pm EST</observation_time>
        <observation_time_rfc822>Tue, 08 Mar 2011 19:50:00 -0500</observation_time_rfc822>
	<temperature_string>69.1 F (20.6 C)</temperature_string>
	<temp_f>69.1</temp_f>
	<temp_c>20.6</temp_c>
	<water_temp_f>72.7</water_temp_f>
	<water_temp_c>22.6</water_temp_c>
	<wind_string>from the East at 17.9 gusting to 20.1 MPH (15.55 gusting to 17.49 KT)</wind_string>
	<wind_dir>East</wind_dir>
	<wind_degrees>80</wind_degrees>
	<wind_mph>17.9</wind_mph>
	<wind_gust_mph>20.1</wind_gust_mph>
	<wind_kt>15.55</wind_kt>
	<wind_gust_kt>17.49</wind_gust_kt>
	<pressure_string>1024.0 mb</pressure_string>
	<pressure_mb>1024.0</pressure_mb>
	<pressure_tendency_mb>0.8</pressure_tendency_mb>
	<wave_height_m>1.6</wave_height_m>
	<wave_height_ft>5.25</wave_height_ft>
	<dominant_period_sec>10</dominant_period_sec>
	<average_period_sec>5.1</average_period_sec>
	<disclaimer_url>http://weather.gov/disclaimer.html</disclaimer_url>
	<copyright_url>http://weather.gov/disclaimer.html</copyright_url>
	<privacy_policy_url>http://weather.gov/notice.html</privacy_policy_url>
</current_observation>
