<?xml version="1.0" encoding="ISO-8859-1"?> 
<?xml-stylesheet href="latest_ob.xsl" type="text/xsl"?>
<current_observation version="1.0"
	 xmlns:xsd="http://www.w3.org/2001/XMLSchema"
	 xmlns:xsi="http://www.w3.org/2001/XMLSchema-instance"
	 xsi:noNamespaceSchemaLocation="http://www.weather.gov/view/current_observation.xsd">
	<credit>NOAA's National Weather Service</credit>
	<credit_URL>http://weather.gov/</credit_URL>
	<image>
		<url>http://weather.gov/images/xml_logo.gif</url>
		<title>NOAA's National Weather Service</title>
		<link>http://weather.gov</link>
	</image>
	<suggested_pickup>15 minutes after the hour</suggested_pickup>
	<suggested_pickup_period>60</suggested_pickup_period>
	<location>Sunset Nearshore (SUN 2)</location>
	<station_id>41024</station_id>
	<latitude>33.848</latitude>
	<longitude>-78.489</longitude>
	<observation_time>Last Updated on Mar 3 2011, 1:00 am EST</observation_time>
        <observation_time_rfc822>Thu, 03 Mar 2011 01:00:00 -0500</observation_time_rfc822>
	<temperature_string>50.4 F (10.2 C)</temperature_string>
	<temp_f>50.4</temp_f>
	<temp_c>10.2</temp_c>
	<wind_string>North at 2.2 MPH (1.94 KT)</wind_string>
	<wind_dir>North</wind_dir>
	<wind_degrees>360</wind_degrees>
	<wind_mph>2.2</wind_mph>
	<wind_kt>1.94</wind_kt>
	<pressure_string>1025.3 mb</pressure_string>
	<pressure_mb>1025.3</pressure_mb>
	<pressure_tendency_mb>0.3</pressure_tendency_mb>
	<mean_wave_dir>East</mean_wave_dir>
	<mean_wave_degrees></mean_wave_degrees>
	<disclaimer_url>http://weather.gov/disclaimer.html</disclaimer_url>
	<copyright_url>http://weather.gov/disclaimer.html</copyright_url>
	<privacy_policy_url>http://weather.gov/notice.html</privacy_policy_url>
</current_observation>
