<?xml version="1.0" encoding="ISO-8859-1"?> 
<?xml-stylesheet href="latest_ob.xsl" type="text/xsl"?>
<current_observation version="1.0"
	 xmlns:xsd="http://www.w3.org/2001/XMLSchema"
	 xmlns:xsi="http://www.w3.org/2001/XMLSchema-instance"
	 xsi:noNamespaceSchemaLocation="http://www.weather.gov/view/current_observation.xsd">
	<credit>NOAA's National Weather Service</credit>
	<credit_URL>http://weather.gov/</credit_URL>
	<image>
		<url>http://weather.gov/images/xml_logo.gif</url>
		<title>NOAA's National Weather Service</title>
		<link>http://weather.gov</link>
	</image>
	<suggested_pickup>15 minutes after the hour</suggested_pickup>
	<suggested_pickup_period>60</suggested_pickup_period>
	<location>Freeport, TX 60 NM South of Freeport, TX</location>
	<station_id>42019</station_id>
	<latitude>27.913</latitude>
	<longitude>-95.353</longitude>
	<observation_time>Last Updated on Dec 13 2010, 12:50 am CST</observation_time>
        <observation_time_rfc822>Mon, 13 Dec 2010 00:50:00 -0600</observation_time_rfc822>
	<temperature_string>54.1 F (12.3 C)</temperature_string>
	<temp_f>54.1</temp_f>
	<temp_c>12.3</temp_c>
	<water_temp_f>72.1</water_temp_f>
	<water_temp_c>22.3</water_temp_c>
	<wind_string>from the North at 22.4 gusting to 31.3 MPH (19.43 gusting to 27.21 KT)</wind_string>
	<wind_dir>North</wind_dir>
	<wind_degrees>350</wind_degrees>
	<wind_mph>22.4</wind_mph>
	<wind_gust_mph>31.3</wind_gust_mph>
	<wind_kt>19.43</wind_kt>
	<wind_gust_kt>27.21</wind_gust_kt>
	<pressure_string>1024.9 mb</pressure_string>
	<pressure_mb>1024.9</pressure_mb>
	<pressure_tendency_mb>-0.3</pressure_tendency_mb>
	<dewpoint_string>31.3 F (-0.4 C)</dewpoint_string>
	<dewpoint_f>31.3</dewpoint_f>
	<dewpoint_c>-0.4</dewpoint_c>
	<windchill_string>49 F (9 C)</windchill_string>
      	<windchill_f>49</windchill_f>
      	<windchill_c>9</windchill_c>
	<wave_height_m>1.9</wave_height_m>
	<wave_height_ft>6.23</wave_height_ft>
	<dominant_period_sec>6</dominant_period_sec>
	<average_period_sec>5.0</average_period_sec>
	<mean_wave_dir>North</mean_wave_dir>
	<mean_wave_degrees>355</mean_wave_degrees>
	<disclaimer_url>http://weather.gov/disclaimer.html</disclaimer_url>
	<copyright_url>http://weather.gov/disclaimer.html</copyright_url>
	<privacy_policy_url>http://weather.gov/notice.html</privacy_policy_url>
</current_observation>
