<?xml version="1.0" encoding="ISO-8859-1"?> 
<?xml-stylesheet href="latest_ob.xsl" type="text/xsl"?>
<current_observation version="1.0"
	 xmlns:xsd="http://www.w3.org/2001/XMLSchema"
	 xmlns:xsi="http://www.w3.org/2001/XMLSchema-instance"
	 xsi:noNamespaceSchemaLocation="http://www.weather.gov/view/current_observation.xsd">
	<credit>NOAA's National Weather Service</credit>
	<credit_URL>http://weather.gov/</credit_URL>
	<image>
		<url>http://weather.gov/images/xml_logo.gif</url>
		<title>NOAA's National Weather Service</title>
		<link>http://weather.gov</link>
	</image>
	<suggested_pickup>15 minutes after the hour</suggested_pickup>
	<suggested_pickup_period>60</suggested_pickup_period>
	<location>C14 - Pasco County Buoy, FL</location>
	<station_id>42021</station_id>
	<latitude>28.311</latitude>
	<longitude>-83.306</longitude>
	<observation_time>Last Updated on Mar 8 2011, 6:40 pm CST</observation_time>
        <observation_time_rfc822>Tue, 08 Mar 2011 18:40:00 -0600</observation_time_rfc822>
	<temperature_string>66.0 F (18.9 C)</temperature_string>
	<temp_f>66.0</temp_f>
	<temp_c>18.9</temp_c>
	<water_temp_f>64.8</water_temp_f>
	<water_temp_c>18.2</water_temp_c>
	<wind_string>from the Northeast at 2.2 gusting to 4.5 MPH (1.94 gusting to 3.88 KT)</wind_string>
	<wind_dir>Northeast</wind_dir>
	<wind_degrees>60</wind_degrees>
	<wind_mph>2.2</wind_mph>
	<wind_gust_mph>4.5</wind_gust_mph>
	<wind_kt>1.94</wind_kt>
	<wind_gust_kt>3.88</wind_gust_kt>
	<pressure_string>1018.6 mb</pressure_string>
	<pressure_mb>1018.6</pressure_mb>
	<mean_wave_dir>Southeast</mean_wave_dir>
	<mean_wave_degrees></mean_wave_degrees>
	<disclaimer_url>http://weather.gov/disclaimer.html</disclaimer_url>
	<copyright_url>http://weather.gov/disclaimer.html</copyright_url>
	<privacy_policy_url>http://weather.gov/notice.html</privacy_policy_url>
</current_observation>
