<?xml version="1.0" encoding="ISO-8859-1"?> 
<?xml-stylesheet href="latest_ob.xsl" type="text/xsl"?>
<current_observation version="1.0"
	 xmlns:xsd="http://www.w3.org/2001/XMLSchema"
	 xmlns:xsi="http://www.w3.org/2001/XMLSchema-instance"
	 xsi:noNamespaceSchemaLocation="http://www.weather.gov/view/current_observation.xsd">
	<credit>NOAA's National Weather Service</credit>
	<credit_URL>http://weather.gov/</credit_URL>
	<image>
		<url>http://weather.gov/images/xml_logo.gif</url>
		<title>NOAA's National Weather Service</title>
		<link>http://weather.gov</link>
	</image>
	<suggested_pickup>15 minutes after the hour</suggested_pickup>
	<suggested_pickup_period>60</suggested_pickup_period>
	<location>Bay of Campeche</location>
	<station_id>42055</station_id>
	<latitude>22.017</latitude>
	<longitude>-94.046</longitude>
	<observation_time>Last Updated on Mar 8 2011, 6:50 pm CST</observation_time>
        <observation_time_rfc822>Tue, 08 Mar 2011 18:50:00 -0600</observation_time_rfc822>
	<temperature_string>76.1 F (24.5 C)</temperature_string>
	<temp_f>76.1</temp_f>
	<temp_c>24.5</temp_c>
	<water_temp_f>74.8</water_temp_f>
	<water_temp_c>23.8</water_temp_c>
	<wind_string>from the Southeast at 22.4 gusting to 26.8 MPH (19.43 gusting to 23.32 KT)</wind_string>
	<wind_dir>Southeast</wind_dir>
	<wind_degrees>140</wind_degrees>
	<wind_mph>22.4</wind_mph>
	<wind_gust_mph>26.8</wind_gust_mph>
	<wind_kt>19.43</wind_kt>
	<wind_gust_kt>23.32</wind_gust_kt>
	<pressure_string>1007.1 mb</pressure_string>
	<pressure_mb>1007.1</pressure_mb>
	<pressure_tendency_mb>0.0</pressure_tendency_mb>
	<dewpoint_string>72.1 F (22.3 C)</dewpoint_string>
	<dewpoint_f>72.1</dewpoint_f>
	<dewpoint_c>22.3</dewpoint_c>
	<wave_height_m>1.7</wave_height_m>
	<wave_height_ft>5.58</wave_height_ft>
	<dominant_period_sec>6</dominant_period_sec>
	<average_period_sec>5.0</average_period_sec>
	<mean_wave_dir>Southeast</mean_wave_dir>
	<mean_wave_degrees>133</mean_wave_degrees>
	<disclaimer_url>http://weather.gov/disclaimer.html</disclaimer_url>
	<copyright_url>http://weather.gov/disclaimer.html</copyright_url>
	<privacy_policy_url>http://weather.gov/notice.html</privacy_policy_url>
</current_observation>
