<?xml version="1.0" encoding="ISO-8859-1"?> 
<?xml-stylesheet href="latest_ob.xsl" type="text/xsl"?>
<current_observation version="1.0"
	 xmlns:xsd="http://www.w3.org/2001/XMLSchema"
	 xmlns:xsi="http://www.w3.org/2001/XMLSchema-instance"
	 xsi:noNamespaceSchemaLocation="http://www.weather.gov/view/current_observation.xsd">
	<credit>NOAA's National Weather Service</credit>
	<credit_URL>http://weather.gov/</credit_URL>
	<image>
		<url>http://weather.gov/images/xml_logo.gif</url>
		<title>NOAA's National Weather Service</title>
		<link>http://weather.gov</link>
	</image>
	<suggested_pickup>15 minutes after the hour</suggested_pickup>
	<suggested_pickup_period>60</suggested_pickup_period>
	<location>Brutus - Green Canyon 158</location>
	<station_id>42362</station_id>
	<latitude>27.8</latitude>
	<longitude>-90.67</longitude>
	<observation_time>Last Updated on Mar 8 2011, 7:00 pm CST</observation_time>
        <observation_time_rfc822>Tue, 08 Mar 2011 19:00:00 -0600</observation_time_rfc822>
	<temperature_string>73.0 F (22.8 C)</temperature_string>
	<temp_f>73.0</temp_f>
	<temp_c>22.8</temp_c>
	<wind_string>Southeast at 31.3 MPH (27.21 KT)</wind_string>
	<wind_dir>Southeast</wind_dir>
	<wind_degrees>150</wind_degrees>
	<wind_mph>31.3</wind_mph>
	<wind_kt>27.21</wind_kt>
	<pressure_string>1013.2 mb</pressure_string>
	<pressure_mb>1013.2</pressure_mb>
	<pressure_tendency_mb>0.7</pressure_tendency_mb>
	<dewpoint_string>69.1 F (20.6 C)</dewpoint_string>
	<dewpoint_f>69.1</dewpoint_f>
	<dewpoint_c>20.6</dewpoint_c>
	<mean_wave_dir>Northeast</mean_wave_dir>
	<mean_wave_degrees></mean_wave_degrees>
	<disclaimer_url>http://weather.gov/disclaimer.html</disclaimer_url>
	<copyright_url>http://weather.gov/disclaimer.html</copyright_url>
	<privacy_policy_url>http://weather.gov/notice.html</privacy_policy_url>
</current_observation>
