<?xml version="1.0" encoding="ISO-8859-1"?> 
<?xml-stylesheet href="latest_ob.xsl" type="text/xsl"?>
<current_observation version="1.0"
	 xmlns:xsd="http://www.w3.org/2001/XMLSchema"
	 xmlns:xsi="http://www.w3.org/2001/XMLSchema-instance"
	 xsi:noNamespaceSchemaLocation="http://www.weather.gov/view/current_observation.xsd">
	<credit>NOAA's National Weather Service</credit>
	<credit_URL>http://weather.gov/</credit_URL>
	<image>
		<url>http://weather.gov/images/xml_logo.gif</url>
		<title>NOAA's National Weather Service</title>
		<link>http://weather.gov</link>
	</image>
	<suggested_pickup>15 minutes after the hour</suggested_pickup>
	<suggested_pickup_period>60</suggested_pickup_period>
	<location>Mad Dog - Green Canyon 782</location>
	<station_id>42369</station_id>
	<latitude>27.189</latitude>
	<longitude>-90.269</longitude>
	<observation_time>Last Updated on Mar 8 2011, 5:00 pm CST</observation_time>
        <observation_time_rfc822>Tue, 08 Mar 2011 17:00:00 -0600</observation_time_rfc822>
	<temperature_string>69.1 F (20.6 C)</temperature_string>
	<temp_f>69.1</temp_f>
	<temp_c>20.6</temp_c>
	<wave_height_m>1.6</wave_height_m>
	<wave_height_ft>5.25</wave_height_ft>
	<dominant_period_sec>5</dominant_period_sec>
	<mean_wave_dir>Northeast</mean_wave_dir>
	<mean_wave_degrees></mean_wave_degrees>
	<disclaimer_url>http://weather.gov/disclaimer.html</disclaimer_url>
	<copyright_url>http://weather.gov/disclaimer.html</copyright_url>
	<privacy_policy_url>http://weather.gov/notice.html</privacy_policy_url>
</current_observation>
