<?xml version="1.0" encoding="ISO-8859-1"?> 
<?xml-stylesheet href="latest_ob.xsl" type="text/xsl"?>
<current_observation version="1.0"
	 xmlns:xsd="http://www.w3.org/2001/XMLSchema"
	 xmlns:xsi="http://www.w3.org/2001/XMLSchema-instance"
	 xsi:noNamespaceSchemaLocation="http://www.weather.gov/view/current_observation.xsd">
	<credit>NOAA's National Weather Service</credit>
	<credit_URL>http://weather.gov/</credit_URL>
	<image>
		<url>http://weather.gov/images/xml_logo.gif</url>
		<title>NOAA's National Weather Service</title>
		<link>http://weather.gov</link>
	</image>
	<suggested_pickup>15 minutes after the hour</suggested_pickup>
	<suggested_pickup_period>60</suggested_pickup_period>
	<location>Marlin - Viosca Knoll 915</location>
	<station_id>42376</station_id>
	<latitude>29.108</latitude>
	<longitude>-87.944</longitude>
	<observation_time>Last Updated on Mar 8 2011, 5:00 pm CST</observation_time>
        <observation_time_rfc822>Tue, 08 Mar 2011 17:00:00 -0600</observation_time_rfc822>
	<temperature_string>68.9 F (20.5 C)</temperature_string>
	<temp_f>68.9</temp_f>
	<temp_c>20.5</temp_c>
	<wind_string>Southeast at 22.4 MPH (19.43 KT)</wind_string>
	<wind_dir>Southeast</wind_dir>
	<wind_degrees>120</wind_degrees>
	<wind_mph>22.4</wind_mph>
	<wind_kt>19.43</wind_kt>
	<pressure_string>1015.3 mb</pressure_string>
	<pressure_mb>1015.3</pressure_mb>
	<pressure_tendency_mb>0.5</pressure_tendency_mb>
	<wave_height_m>1.8</wave_height_m>
	<wave_height_ft>5.91</wave_height_ft>
	<dominant_period_sec>6</dominant_period_sec>
	<mean_wave_dir>Northeast</mean_wave_dir>
	<mean_wave_degrees></mean_wave_degrees>
	<disclaimer_url>http://weather.gov/disclaimer.html</disclaimer_url>
	<copyright_url>http://weather.gov/disclaimer.html</copyright_url>
	<privacy_policy_url>http://weather.gov/notice.html</privacy_policy_url>
</current_observation>
