<?xml version="1.0" encoding="ISO-8859-1"?> 
<?xml-stylesheet href="latest_ob.xsl" type="text/xsl"?>
<current_observation version="1.0"
	 xmlns:xsd="http://www.w3.org/2001/XMLSchema"
	 xmlns:xsi="http://www.w3.org/2001/XMLSchema-instance"
	 xsi:noNamespaceSchemaLocation="http://www.weather.gov/view/current_observation.xsd">
	<credit>NOAA's National Weather Service</credit>
	<credit_URL>http://weather.gov/</credit_URL>
	<image>
		<url>http://weather.gov/images/xml_logo.gif</url>
		<title>NOAA's National Weather Service</title>
		<link>http://weather.gov</link>
	</image>
	<suggested_pickup>15 minutes after the hour</suggested_pickup>
	<suggested_pickup_period>60</suggested_pickup_period>
	<location>Buoy A0102 - Mass. Bay/Stellwagen</location>
	<station_id>44029</station_id>
	<latitude>42.52</latitude>
	<longitude>-70.57</longitude>
	<observation_time>Last Updated on Mar 8 2011, 7:04 pm EST</observation_time>
        <observation_time_rfc822>Tue, 08 Mar 2011 19:04:00 -0500</observation_time_rfc822>
	<temperature_string>35.1 F (1.7 C)</temperature_string>
	<temp_f>35.1</temp_f>
	<temp_c>1.7</temp_c>
	<water_temp_f>38.8</water_temp_f>
	<water_temp_c>3.8</water_temp_c>
	<wind_string>from the East at 8.9 gusting to 11.2 MPH (7.77 gusting to 9.71 KT)</wind_string>
	<wind_dir>East</wind_dir>
	<wind_degrees>70</wind_degrees>
	<wind_mph>8.9</wind_mph>
	<wind_gust_mph>11.2</wind_gust_mph>
	<wind_kt>7.77</wind_kt>
	<wind_gust_kt>9.71</wind_gust_kt>
	<pressure_string>1035.8 mb</pressure_string>
	<pressure_mb>1035.8</pressure_mb>
	<pressure_tendency_mb>1.8</pressure_tendency_mb>
	<windchill_string>28 F (-2 C)</windchill_string>
      	<windchill_f>28</windchill_f>
      	<windchill_c>-2</windchill_c>
	<visibility_mi>1.60</visibility_mi>
	<wave_height_m>1.1</wave_height_m>
	<wave_height_ft>3.61</wave_height_ft>
	<dominant_period_sec>11</dominant_period_sec>
	<mean_wave_dir>East</mean_wave_dir>
	<mean_wave_degrees></mean_wave_degrees>
	<disclaimer_url>http://weather.gov/disclaimer.html</disclaimer_url>
	<copyright_url>http://weather.gov/disclaimer.html</copyright_url>
	<privacy_policy_url>http://weather.gov/notice.html</privacy_policy_url>
</current_observation>
