<?xml version="1.0" encoding="ISO-8859-1"?> 
<?xml-stylesheet href="latest_ob.xsl" type="text/xsl"?>
<current_observation version="1.0"
	 xmlns:xsd="http://www.w3.org/2001/XMLSchema"
	 xmlns:xsi="http://www.w3.org/2001/XMLSchema-instance"
	 xsi:noNamespaceSchemaLocation="http://www.weather.gov/view/current_observation.xsd">
	<credit>NOAA's National Weather Service</credit>
	<credit_URL>http://weather.gov/</credit_URL>
	<image>
		<url>http://weather.gov/images/xml_logo.gif</url>
		<title>NOAA's National Weather Service</title>
		<link>http://weather.gov</link>
	</image>
	<suggested_pickup>15 minutes after the hour</suggested_pickup>
	<suggested_pickup_period>60</suggested_pickup_period>
	<location>Buoy I0103 - Eastern Maine Shelf</location>
	<station_id>44034</station_id>
	<latitude>44.11</latitude>
	<longitude>-68.11</longitude>
	<observation_time>Last Updated on Mar 8 2011, 7:04 pm EST</observation_time>
        <observation_time_rfc822>Tue, 08 Mar 2011 19:04:00 -0500</observation_time_rfc822>
	<temperature_string>34.0 F (1.1 C)</temperature_string>
	<temp_f>34.0</temp_f>
	<temp_c>1.1</temp_c>
	<wind_string>from the North at 15.7 gusting to 20.1 MPH (13.6 gusting to 17.49 KT)</wind_string>
	<wind_dir>North</wind_dir>
	<wind_degrees>10</wind_degrees>
	<wind_mph>15.7</wind_mph>
	<wind_gust_mph>20.1</wind_gust_mph>
	<wind_kt>13.6</wind_kt>
	<wind_gust_kt>17.49</wind_gust_kt>
	<pressure_string>1036.4 mb</pressure_string>
	<pressure_mb>1036.4</pressure_mb>
	<pressure_tendency_mb>2.6</pressure_tendency_mb>
	<windchill_string>24 F (-4 C)</windchill_string>
      	<windchill_f>24</windchill_f>
      	<windchill_c>-4</windchill_c>
	<visibility_mi>1.60</visibility_mi>
	<wave_height_m>1.4</wave_height_m>
	<wave_height_ft>4.59</wave_height_ft>
	<dominant_period_sec>11</dominant_period_sec>
	<mean_wave_dir>East</mean_wave_dir>
	<mean_wave_degrees></mean_wave_degrees>
	<disclaimer_url>http://weather.gov/disclaimer.html</disclaimer_url>
	<copyright_url>http://weather.gov/disclaimer.html</copyright_url>
	<privacy_policy_url>http://weather.gov/notice.html</privacy_policy_url>
</current_observation>
