<?xml version="1.0" encoding="ISO-8859-1"?> 
<?xml-stylesheet href="latest_ob.xsl" type="text/xsl"?>
<current_observation version="1.0"
	 xmlns:xsd="http://www.w3.org/2001/XMLSchema"
	 xmlns:xsi="http://www.w3.org/2001/XMLSchema-instance"
	 xsi:noNamespaceSchemaLocation="http://www.weather.gov/view/current_observation.xsd">
	<credit>NOAA's National Weather Service</credit>
	<credit_URL>http://weather.gov/</credit_URL>
	<image>
		<url>http://weather.gov/images/xml_logo.gif</url>
		<title>NOAA's National Weather Service</title>
		<link>http://weather.gov</link>
	</image>
	<suggested_pickup>15 minutes after the hour</suggested_pickup>
	<suggested_pickup_period>60</suggested_pickup_period>
	<location>Banqureau Banks</location>
	<station_id>44139</station_id>
	<latitude>44.24</latitude>
	<longitude>-57.101</longitude>
	<observation_time>Last Updated on Mar 8 2011, 9:00 pm AST</observation_time>
        <observation_time_rfc822>Tue, 08 Mar 2011 21:00:00 -0400</observation_time_rfc822>
	<temperature_string>30.9 F (-0.6 C)</temperature_string>
	<temp_f>30.9</temp_f>
	<temp_c>-0.6</temp_c>
	<water_temp_f>36.7</water_temp_f>
	<water_temp_c>2.6</water_temp_c>
	<wind_string>from the North at 22.4 gusting to 29.1 MPH (19.43 gusting to 25.26 KT)</wind_string>
	<wind_dir>North</wind_dir>
	<wind_degrees>0</wind_degrees>
	<wind_mph>22.4</wind_mph>
	<wind_gust_mph>29.1</wind_gust_mph>
	<wind_kt>19.43</wind_kt>
	<wind_gust_kt>25.26</wind_gust_kt>
	<pressure_string>1030.4 mb</pressure_string>
	<pressure_mb>1030.4</pressure_mb>
	<pressure_tendency_mb>1.2</pressure_tendency_mb>
	<windchill_string>18 F (-8 C)</windchill_string>
      	<windchill_f>18</windchill_f>
      	<windchill_c>-8</windchill_c>
	<wave_height_m>2.2</wave_height_m>
	<wave_height_ft>7.22</wave_height_ft>
	<dominant_period_sec>8</dominant_period_sec>
	<mean_wave_dir>Northeast</mean_wave_dir>
	<mean_wave_degrees></mean_wave_degrees>
	<disclaimer_url>http://weather.gov/disclaimer.html</disclaimer_url>
	<copyright_url>http://weather.gov/disclaimer.html</copyright_url>
	<privacy_policy_url>http://weather.gov/notice.html</privacy_policy_url>
</current_observation>
