<?xml version="1.0" encoding="ISO-8859-1"?> 
<?xml-stylesheet href="latest_ob.xsl" type="text/xsl"?>
<current_observation version="1.0"
	 xmlns:xsd="http://www.w3.org/2001/XMLSchema"
	 xmlns:xsi="http://www.w3.org/2001/XMLSchema-instance"
	 xsi:noNamespaceSchemaLocation="http://www.weather.gov/view/current_observation.xsd">
	<credit>NOAA's National Weather Service</credit>
	<credit_URL>http://weather.gov/</credit_URL>
	<image>
		<url>http://weather.gov/images/xml_logo.gif</url>
		<title>NOAA's National Weather Service</title>
		<link>http://weather.gov</link>
	</image>
	<suggested_pickup>15 minutes after the hour</suggested_pickup>
	<suggested_pickup_period>60</suggested_pickup_period>
	<location>S MICHIGAN 43NM East Southeast of Milwaukee, WI</location>
	<station_id>45007</station_id>
	<latitude>42.696</latitude>
	<longitude>-86.97</longitude>
	<observation_time>Last Updated on Nov 8 2010, 8:50 am EST</observation_time>
        <observation_time_rfc822>Mon,  8 Nov 2010 08:50:00 -0500</observation_time_rfc822>
	<temperature_string>52.3 F (11.3 C)</temperature_string>
	<temp_f>52.3</temp_f>
	<temp_c>11.3</temp_c>
	<water_temp_f>50.9</water_temp_f>
	<water_temp_c>10.5</water_temp_c>
	<wind_string>Calm</wind_string>
	<wind_dir>North</wind_dir>
	<wind_mph>0.0</wind_mph>
	<wind_gust_mph>2.2</wind_gust_mph>
	<wind_gust_kt>1.94</wind_gust_kt>
	<pressure_string>1015.2 mb</pressure_string>
	<pressure_mb>1015.2</pressure_mb>
	<pressure_tendency_mb>0.0</pressure_tendency_mb>
	<dewpoint_string>44.6 F (7.0 C)</dewpoint_string>
	<dewpoint_f>44.6</dewpoint_f>
	<dewpoint_c>7.0</dewpoint_c>
	<mean_wave_dir>Northeast</mean_wave_dir>
	<mean_wave_degrees></mean_wave_degrees>
	<disclaimer_url>http://weather.gov/disclaimer.html</disclaimer_url>
	<copyright_url>http://weather.gov/disclaimer.html</copyright_url>
	<privacy_policy_url>http://weather.gov/notice.html</privacy_policy_url>
</current_observation>
