<?xml version="1.0" encoding="ISO-8859-1"?> 
<?xml-stylesheet href="latest_ob.xsl" type="text/xsl"?>
<current_observation version="1.0"
	 xmlns:xsd="http://www.w3.org/2001/XMLSchema"
	 xmlns:xsi="http://www.w3.org/2001/XMLSchema-instance"
	 xsi:noNamespaceSchemaLocation="http://www.weather.gov/view/current_observation.xsd">
	<credit>NOAA's National Weather Service</credit>
	<credit_URL>http://weather.gov/</credit_URL>
	<image>
		<url>http://weather.gov/images/xml_logo.gif</url>
		<title>NOAA's National Weather Service</title>
		<link>http://weather.gov</link>
	</image>
	<suggested_pickup>15 minutes after the hour</suggested_pickup>
	<suggested_pickup_period>60</suggested_pickup_period>
	<location>Lake St Clair</location>
	<station_id>45147</station_id>
	<latitude>42.43</latitude>
	<longitude>-82.68</longitude>
	<observation_time>Last Updated on Dec 3 2010, 4:00 pm EST</observation_time>
        <observation_time_rfc822>Fri, 03 Dec 2010 16:00:00 -0500</observation_time_rfc822>
	<temperature_string>32.2 F (0.1 C)</temperature_string>
	<temp_f>32.2</temp_f>
	<temp_c>0.1</temp_c>
	<water_temp_f>32.0</water_temp_f>
	<water_temp_c>0.0</water_temp_c>
	<wind_string>from the North at 4.5 gusting to 8.9 MPH (3.88 gusting to 7.77 KT)</wind_string>
	<wind_dir>North</wind_dir>
	<wind_degrees>0</wind_degrees>
	<wind_mph>4.5</wind_mph>
	<wind_gust_mph>8.9</wind_gust_mph>
	<wind_kt>3.88</wind_kt>
	<wind_gust_kt>7.77</wind_gust_kt>
	<pressure_string>1020.9 mb</pressure_string>
	<pressure_mb>1020.9</pressure_mb>
	<pressure_tendency_mb>0.1</pressure_tendency_mb>
	<windchill_string>28 F (-2 C)</windchill_string>
      	<windchill_f>28</windchill_f>
      	<windchill_c>-2</windchill_c>
	<mean_wave_dir>West</mean_wave_dir>
	<mean_wave_degrees></mean_wave_degrees>
	<disclaimer_url>http://weather.gov/disclaimer.html</disclaimer_url>
	<copyright_url>http://weather.gov/disclaimer.html</copyright_url>
	<privacy_policy_url>http://weather.gov/notice.html</privacy_policy_url>
</current_observation>
