<?xml version="1.0" encoding="ISO-8859-1"?> 
<?xml-stylesheet href="latest_ob.xsl" type="text/xsl"?>
<current_observation version="1.0"
	 xmlns:xsd="http://www.w3.org/2001/XMLSchema"
	 xmlns:xsi="http://www.w3.org/2001/XMLSchema-instance"
	 xsi:noNamespaceSchemaLocation="http://www.weather.gov/view/current_observation.xsd">
	<credit>NOAA's National Weather Service</credit>
	<credit_URL>http://weather.gov/</credit_URL>
	<image>
		<url>http://weather.gov/images/xml_logo.gif</url>
		<title>NOAA's National Weather Service</title>
		<link>http://weather.gov</link>
	</image>
	<suggested_pickup>15 minutes after the hour</suggested_pickup>
	<suggested_pickup_period>60</suggested_pickup_period>
	<location>E. SANTA BARBARA  - 12NM Southwest of Santa Barbar, CA</location>
	<station_id>46053</station_id>
	<latitude>34.248</latitude>
	<longitude>-119.841</longitude>
	<observation_time>Last Updated on Mar 8 2011, 4:50 pm PST</observation_time>
        <observation_time_rfc822>Tue, 08 Mar 2011 16:50:00 -0800</observation_time_rfc822>
	<temperature_string>59.4 F (15.2 C)</temperature_string>
	<temp_f>59.4</temp_f>
	<temp_c>15.2</temp_c>
	<water_temp_f>53.2</water_temp_f>
	<water_temp_c>11.8</water_temp_c>
	<wind_string>from the West at 13.4 gusting to 15.7 MPH (11.66 gusting to 13.6 KT)</wind_string>
	<wind_dir>West</wind_dir>
	<wind_degrees>290</wind_degrees>
	<wind_mph>13.4</wind_mph>
	<wind_gust_mph>15.7</wind_gust_mph>
	<wind_kt>11.66</wind_kt>
	<wind_gust_kt>13.6</wind_gust_kt>
	<pressure_string>1018.4 mb</pressure_string>
	<pressure_mb>1018.4</pressure_mb>
	<pressure_tendency_mb>-0.6</pressure_tendency_mb>
	<windchill_string>57 F (14 C)</windchill_string>
      	<windchill_f>57</windchill_f>
      	<windchill_c>14</windchill_c>
	<wave_height_m>1.3</wave_height_m>
	<wave_height_ft>4.27</wave_height_ft>
	<dominant_period_sec>6</dominant_period_sec>
	<average_period_sec>4.6</average_period_sec>
	<mean_wave_dir>West</mean_wave_dir>
	<mean_wave_degrees>289</mean_wave_degrees>
	<disclaimer_url>http://weather.gov/disclaimer.html</disclaimer_url>
	<copyright_url>http://weather.gov/disclaimer.html</copyright_url>
	<privacy_policy_url>http://weather.gov/notice.html</privacy_policy_url>
</current_observation>
