<?xml version="1.0" encoding="ISO-8859-1"?> 
<?xml-stylesheet href="latest_ob.xsl" type="text/xsl"?>
<current_observation version="1.0"
	 xmlns:xsd="http://www.w3.org/2001/XMLSchema"
	 xmlns:xsi="http://www.w3.org/2001/XMLSchema-instance"
	 xsi:noNamespaceSchemaLocation="http://www.weather.gov/view/current_observation.xsd">
	<credit>NOAA's National Weather Service</credit>
	<credit_URL>http://weather.gov/</credit_URL>
	<image>
		<url>http://weather.gov/images/xml_logo.gif</url>
		<title>NOAA's National Weather Service</title>
		<link>http://weather.gov</link>
	</image>
	<suggested_pickup>15 minutes after the hour</suggested_pickup>
	<suggested_pickup_period>60</suggested_pickup_period>
	<location>West of Newport NH-10, OR</location>
	<station_id>46094</station_id>
	<latitude>44.633</latitude>
	<longitude>-124.304</longitude>
	<observation_time>Last Updated on Dec 22 2010, 8:00 am PST</observation_time>
        <observation_time_rfc822>Wed, 22 Dec 2010 08:00:00 -0800</observation_time_rfc822>
	<temperature_string>48.4 F (9.1 C)</temperature_string>
	<temp_f>48.4</temp_f>
	<temp_c>9.1</temp_c>
	<wind_string>Southwest at 6.7 MPH (5.83 KT)</wind_string>
	<wind_dir>Southwest</wind_dir>
	<wind_degrees>210</wind_degrees>
	<wind_mph>6.7</wind_mph>
	<wind_kt>5.83</wind_kt>
	<pressure_string>1008.8 mb</pressure_string>
	<pressure_mb>1008.8</pressure_mb>
	<pressure_tendency_mb>1.9</pressure_tendency_mb>
	<windchill_string>45 F (7 C)</windchill_string>
      	<windchill_f>45</windchill_f>
      	<windchill_c>7</windchill_c>
	<mean_wave_dir>East</mean_wave_dir>
	<mean_wave_degrees></mean_wave_degrees>
	<disclaimer_url>http://weather.gov/disclaimer.html</disclaimer_url>
	<copyright_url>http://weather.gov/disclaimer.html</copyright_url>
	<privacy_policy_url>http://weather.gov/notice.html</privacy_policy_url>
</current_observation>
