<?xml version="1.0" encoding="ISO-8859-1"?> 
<?xml-stylesheet href="latest_ob.xsl" type="text/xsl"?>
<current_observation version="1.0"
	 xmlns:xsd="http://www.w3.org/2001/XMLSchema"
	 xmlns:xsi="http://www.w3.org/2001/XMLSchema-instance"
	 xsi:noNamespaceSchemaLocation="http://www.weather.gov/view/current_observation.xsd">
	<credit>NOAA's National Weather Service</credit>
	<credit_URL>http://weather.gov/</credit_URL>
	<image>
		<url>http://weather.gov/images/xml_logo.gif</url>
		<title>NOAA's National Weather Service</title>
		<link>http://weather.gov</link>
	</image>
	<suggested_pickup>15 minutes after the hour</suggested_pickup>
	<suggested_pickup_period>60</suggested_pickup_period>
	<location>East Dellwood</location>
	<station_id>46207</station_id>
	<latitude>50.87</latitude>
	<longitude>-129.92</longitude>
	<observation_time>Last Updated on Mar 8 2011, 3:00 pm AKST</observation_time>
        <observation_time_rfc822>Tue, 08 Mar 2011 15:00:00 -0900</observation_time_rfc822>
	<temperature_string>44.8 F (7.1 C)</temperature_string>
	<temp_f>44.8</temp_f>
	<temp_c>7.1</temp_c>
	<water_temp_f>45.5</water_temp_f>
	<water_temp_c>7.5</water_temp_c>
	<wind_string>from the South at 15.7 gusting to 20.1 MPH (13.6 gusting to 17.49 KT)</wind_string>
	<wind_dir>South</wind_dir>
	<wind_degrees>190</wind_degrees>
	<wind_mph>15.7</wind_mph>
	<wind_gust_mph>20.1</wind_gust_mph>
	<wind_kt>13.6</wind_kt>
	<wind_gust_kt>17.49</wind_gust_kt>
	<pressure_string>1010.8 mb</pressure_string>
	<pressure_mb>1010.8</pressure_mb>
	<pressure_tendency_mb>1.0</pressure_tendency_mb>
	<windchill_string>38 F (3 C)</windchill_string>
      	<windchill_f>38</windchill_f>
      	<windchill_c>3</windchill_c>
	<wave_height_m>2.3</wave_height_m>
	<wave_height_ft>7.55</wave_height_ft>
	<dominant_period_sec>8</dominant_period_sec>
	<mean_wave_dir>West</mean_wave_dir>
	<mean_wave_degrees></mean_wave_degrees>
	<disclaimer_url>http://weather.gov/disclaimer.html</disclaimer_url>
	<copyright_url>http://weather.gov/disclaimer.html</copyright_url>
	<privacy_policy_url>http://weather.gov/notice.html</privacy_policy_url>
</current_observation>
