<?xml version="1.0" encoding="ISO-8859-1"?> 
<?xml-stylesheet href="latest_ob.xsl" type="text/xsl"?>
<current_observation version="1.0"
	 xmlns:xsd="http://www.w3.org/2001/XMLSchema"
	 xmlns:xsi="http://www.w3.org/2001/XMLSchema-instance"
	 xsi:noNamespaceSchemaLocation="http://www.weather.gov/view/current_observation.xsd">
	<credit>NOAA's National Weather Service</credit>
	<credit_URL>http://weather.gov/</credit_URL>
	<image>
		<url>http://weather.gov/images/xml_logo.gif</url>
		<title>NOAA's National Weather Service</title>
		<link>http://weather.gov</link>
	</image>
	<suggested_pickup>15 minutes after the hour</suggested_pickup>
	<suggested_pickup_period>60</suggested_pickup_period>
	<location>Humboldt Bay South Spit, CA (128)</location>
	<station_id>46212</station_id>
	<latitude>40.753</latitude>
	<longitude>-124.313</longitude>
	<observation_time>Last Updated on Mar 8 2011, 4:51 pm PST</observation_time>
        <observation_time_rfc822>Tue, 08 Mar 2011 16:51:00 -0800</observation_time_rfc822>
	<water_temp_f>50.5</water_temp_f>
	<water_temp_c>10.3</water_temp_c>
	<wave_height_m>2.1</wave_height_m>
	<wave_height_ft>6.89</wave_height_ft>
	<dominant_period_sec>8</dominant_period_sec>
	<average_period_sec>7.0</average_period_sec>
	<mean_wave_dir>West</mean_wave_dir>
	<mean_wave_degrees>271</mean_wave_degrees>
	<disclaimer_url>http://weather.gov/disclaimer.html</disclaimer_url>
	<copyright_url>http://weather.gov/disclaimer.html</copyright_url>
	<privacy_policy_url>http://weather.gov/notice.html</privacy_policy_url>
</current_observation>
