<?xml version="1.0" encoding="ISO-8859-1"?> 
<?xml-stylesheet href="latest_ob.xsl" type="text/xsl"?>
<current_observation version="1.0"
	 xmlns:xsd="http://www.w3.org/2001/XMLSchema"
	 xmlns:xsi="http://www.w3.org/2001/XMLSchema-instance"
	 xsi:noNamespaceSchemaLocation="http://www.weather.gov/view/current_observation.xsd">
	<credit>NOAA's National Weather Service</credit>
	<credit_URL>http://weather.gov/</credit_URL>
	<image>
		<url>http://weather.gov/images/xml_logo.gif</url>
		<title>NOAA's National Weather Service</title>
		<link>http://weather.gov</link>
	</image>
	<suggested_pickup>15 minutes after the hour</suggested_pickup>
	<suggested_pickup_period>60</suggested_pickup_period>
	<location>K1 Buoy</location>
	<station_id>62029</station_id>
	<latitude>48.701</latitude>
	<longitude>-12.401</longitude>
	<observation_time>Last Updated on Mar 9 2011, 12:00 am ST </observation_time>
        <observation_time_rfc822>Wed, 09 Mar 2011 00:00:00 +0000</observation_time_rfc822>
	<temperature_string>50.9 F (10.5 C)</temperature_string>
	<temp_f>50.9</temp_f>
	<temp_c>10.5</temp_c>
	<water_temp_f>53.1</water_temp_f>
	<water_temp_c>11.7</water_temp_c>
	<wind_string>Northwest at 15.0 MPH (13.02 KT)</wind_string>
	<wind_dir>Northwest</wind_dir>
	<wind_degrees>300</wind_degrees>
	<wind_mph>15.0</wind_mph>
	<wind_kt>13.02</wind_kt>
	<pressure_string>1024.6 mb</pressure_string>
	<pressure_mb>1024.6</pressure_mb>
	<pressure_tendency_mb>0.0</pressure_tendency_mb>
	<dewpoint_string>48.4 F (9.1 C)</dewpoint_string>
	<dewpoint_f>48.4</dewpoint_f>
	<dewpoint_c>9.1</dewpoint_c>
	<windchill_string>46 F (8 C)</windchill_string>
      	<windchill_f>46</windchill_f>
      	<windchill_c>8</windchill_c>
	<mean_wave_dir>Northeast</mean_wave_dir>
	<mean_wave_degrees></mean_wave_degrees>
	<disclaimer_url>http://weather.gov/disclaimer.html</disclaimer_url>
	<copyright_url>http://weather.gov/disclaimer.html</copyright_url>
	<privacy_policy_url>http://weather.gov/notice.html</privacy_policy_url>
</current_observation>
