<?xml version="1.0" encoding="ISO-8859-1"?> 
<?xml-stylesheet href="latest_ob.xsl" type="text/xsl"?>
<current_observation version="1.0"
	 xmlns:xsd="http://www.w3.org/2001/XMLSchema"
	 xmlns:xsi="http://www.w3.org/2001/XMLSchema-instance"
	 xsi:noNamespaceSchemaLocation="http://www.weather.gov/view/current_observation.xsd">
	<credit>NOAA's National Weather Service</credit>
	<credit_URL>http://weather.gov/</credit_URL>
	<image>
		<url>http://weather.gov/images/xml_logo.gif</url>
		<title>NOAA's National Weather Service</title>
		<link>http://weather.gov</link>
	</image>
	<suggested_pickup>15 minutes after the hour</suggested_pickup>
	<suggested_pickup_period>60</suggested_pickup_period>
	<location>Greenwich Lightship</location>
	<station_id>62305</station_id>
	<latitude>50.4</latitude>
	<longitude>0</longitude>
	<observation_time>Last Updated on Mar 9 2011, 12:00 am ST </observation_time>
        <observation_time_rfc822>Wed, 09 Mar 2011 00:00:00 +0000</observation_time_rfc822>
	<temperature_string>46.4 F (8.0 C)</temperature_string>
	<temp_f>46.4</temp_f>
	<temp_c>8.0</temp_c>
	<water_temp_f>46.8</water_temp_f>
	<water_temp_c>8.2</water_temp_c>
	<wind_string>West at 26.4 MPH (22.93 KT)</wind_string>
	<wind_dir>West</wind_dir>
	<wind_degrees>250</wind_degrees>
	<wind_mph>26.4</wind_mph>
	<wind_kt>22.93</wind_kt>
	<pressure_string>1018.7 mb</pressure_string>
	<pressure_mb>1018.7</pressure_mb>
	<pressure_tendency_mb>-1.7</pressure_tendency_mb>
	<dewpoint_string>41.5 F (5.3 C)</dewpoint_string>
	<dewpoint_f>41.5</dewpoint_f>
	<dewpoint_c>5.3</dewpoint_c>
	<windchill_string>38 F (3 C)</windchill_string>
      	<windchill_f>38</windchill_f>
      	<windchill_c>3</windchill_c>
	<visibility_mi>2.00</visibility_mi>
	<wave_height_m>0.3</wave_height_m>
	<wave_height_ft>0.98</wave_height_ft>
	<mean_wave_dir>Northeast</mean_wave_dir>
	<mean_wave_degrees></mean_wave_degrees>
	<disclaimer_url>http://weather.gov/disclaimer.html</disclaimer_url>
	<copyright_url>http://weather.gov/disclaimer.html</copyright_url>
	<privacy_policy_url>http://weather.gov/notice.html</privacy_policy_url>
</current_observation>
