<?xml version="1.0" encoding="ISO-8859-1"?> 
<?xml-stylesheet href="latest_ob.xsl" type="text/xsl"?>
<current_observation version="1.0"
	 xmlns:xsd="http://www.w3.org/2001/XMLSchema"
	 xmlns:xsi="http://www.w3.org/2001/XMLSchema-instance"
	 xsi:noNamespaceSchemaLocation="http://www.weather.gov/view/current_observation.xsd">
	<credit>NOAA's National Weather Service</credit>
	<credit_URL>http://weather.gov/</credit_URL>
	<image>
		<url>http://weather.gov/images/xml_logo.gif</url>
		<title>NOAA's National Weather Service</title>
		<link>http://weather.gov</link>
	</image>
	<suggested_pickup>15 minutes after the hour</suggested_pickup>
	<suggested_pickup_period>60</suggested_pickup_period>
	<location>K7 Buoy</location>
	<station_id>64046</station_id>
	<latitude>60.701</latitude>
	<longitude>-4.5</longitude>
	<observation_time>Last Updated on Mar 9 2011, 12:00 am ST </observation_time>
        <observation_time_rfc822>Wed, 09 Mar 2011 00:00:00 +0000</observation_time_rfc822>
	<temperature_string>36.0 F (2.2 C)</temperature_string>
	<temp_f>36.0</temp_f>
	<temp_c>2.2</temp_c>
	<water_temp_f>48.6</water_temp_f>
	<water_temp_c>9.2</water_temp_c>
	<wind_string>West at 28.9 MPH (25.07 KT)</wind_string>
	<wind_dir>West</wind_dir>
	<wind_degrees>280</wind_degrees>
	<wind_mph>28.9</wind_mph>
	<wind_kt>25.07</wind_kt>
	<pressure_string>987.4 mb</pressure_string>
	<pressure_mb>987.4</pressure_mb>
	<pressure_tendency_mb>-0.6</pressure_tendency_mb>
	<dewpoint_string>28.2 F (-2.1 C)</dewpoint_string>
	<dewpoint_f>28.2</dewpoint_f>
	<dewpoint_c>-2.1</dewpoint_c>
	<windchill_string>23 F (-5 C)</windchill_string>
      	<windchill_f>23</windchill_f>
      	<windchill_c>-5</windchill_c>
	<wave_height_m>6.9</wave_height_m>
	<wave_height_ft>22.64</wave_height_ft>
	<mean_wave_dir>Northeast</mean_wave_dir>
	<mean_wave_degrees></mean_wave_degrees>
	<disclaimer_url>http://weather.gov/disclaimer.html</disclaimer_url>
	<copyright_url>http://weather.gov/disclaimer.html</copyright_url>
	<privacy_policy_url>http://weather.gov/notice.html</privacy_policy_url>
</current_observation>
