<?xml version="1.0" encoding="ISO-8859-1"?> 
<?xml-stylesheet href="latest_ob.xsl" type="text/xsl"?>
<current_observation version="1.0"
	 xmlns:xsd="http://www.w3.org/2001/XMLSchema"
	 xmlns:xsi="http://www.w3.org/2001/XMLSchema-instance"
	 xsi:noNamespaceSchemaLocation="http://www.weather.gov/view/current_observation.xsd">
	<credit>NOAA's National Weather Service</credit>
	<credit_URL>http://weather.gov/</credit_URL>
	<image>
		<url>http://weather.gov/images/xml_logo.gif</url>
		<title>NOAA's National Weather Service</title>
		<link>http://weather.gov</link>
	</image>
	<suggested_pickup>15 minutes after the hour</suggested_pickup>
	<suggested_pickup_period>60</suggested_pickup_period>
	<location>9414750 - Alameda, CA</location>
	<station_id>AAMC1</station_id>
	<latitude>37.772</latitude>
	<longitude>-122.298</longitude>
	<observation_time>Last Updated on Mar 8 2011, 5:00 pm PST</observation_time>
        <observation_time_rfc822>Tue, 08 Mar 2011 17:00:00 -0800</observation_time_rfc822>
	<temperature_string>56.3 F (13.5 C)</temperature_string>
	<temp_f>56.3</temp_f>
	<temp_c>13.5</temp_c>
	<water_temp_f>55.2</water_temp_f>
	<water_temp_c>12.9</water_temp_c>
	<wind_string>from the West at 6.9 gusting to 9.2 MPH (6.02 gusting to 7.96 KT)</wind_string>
	<wind_dir>West</wind_dir>
	<wind_degrees>280</wind_degrees>
	<wind_mph>6.9</wind_mph>
	<wind_gust_mph>9.2</wind_gust_mph>
	<wind_kt>6.02</wind_kt>
	<wind_gust_kt>7.96</wind_gust_kt>
	<pressure_string>1024.7 mb</pressure_string>
	<pressure_mb>1024.7</pressure_mb>
	<pressure_tendency_mb>-0.2</pressure_tendency_mb>
	<windchill_string>55 F (13 C)</windchill_string>
      	<windchill_f>55</windchill_f>
      	<windchill_c>13</windchill_c>
	<mean_wave_dir>Northeast</mean_wave_dir>
	<mean_wave_degrees></mean_wave_degrees>
	<disclaimer_url>http://weather.gov/disclaimer.html</disclaimer_url>
	<copyright_url>http://weather.gov/disclaimer.html</copyright_url>
	<privacy_policy_url>http://weather.gov/notice.html</privacy_policy_url>
</current_observation>
