<?xml version="1.0" encoding="ISO-8859-1"?> 
<?xml-stylesheet href="latest_ob.xsl" type="text/xsl"?>
<current_observation version="1.0"
	 xmlns:xsd="http://www.w3.org/2001/XMLSchema"
	 xmlns:xsi="http://www.w3.org/2001/XMLSchema-instance"
	 xsi:noNamespaceSchemaLocation="http://www.weather.gov/view/current_observation.xsd">
	<credit>NOAA's National Weather Service</credit>
	<credit_URL>http://weather.gov/</credit_URL>
	<image>
		<url>http://weather.gov/images/xml_logo.gif</url>
		<title>NOAA's National Weather Service</title>
		<link>http://weather.gov</link>
	</image>
	<suggested_pickup>15 minutes after the hour</suggested_pickup>
	<suggested_pickup_period>60</suggested_pickup_period>
	<location>Alexandria Bay, NY</location>
	<station_id>ABAN6</station_id>
	<latitude>44.333</latitude>
	<longitude>-75.933</longitude>
	<observation_time>Last Updated on Sep 28 2009, 6:00 am EST</observation_time>
        <observation_time_rfc822>Mon, 28 Sep 2009 06:00:00 -0500</observation_time_rfc822>
	<water_temp_f>62.2</water_temp_f>
	<water_temp_c>16.8</water_temp_c>
	<wind_string>from the South at 9.2 gusting to 11.4 MPH (7.96 gusting to 9.91 KT)</wind_string>
	<wind_dir>South</wind_dir>
	<wind_degrees>190</wind_degrees>
	<wind_mph>9.2</wind_mph>
	<wind_gust_mph>11.4</wind_gust_mph>
	<wind_kt>7.96</wind_kt>
	<wind_gust_kt>9.91</wind_gust_kt>
	<windchill_string>54 F (12 C)</windchill_string>
      	<windchill_f>54</windchill_f>
      	<windchill_c>12</windchill_c>
	<visibility_mi>4.30</visibility_mi>
	<mean_wave_dir>Northeast</mean_wave_dir>
	<mean_wave_degrees></mean_wave_degrees>
	<disclaimer_url>http://weather.gov/disclaimer.html</disclaimer_url>
	<copyright_url>http://weather.gov/disclaimer.html</copyright_url>
	<privacy_policy_url>http://weather.gov/notice.html</privacy_policy_url>
</current_observation>
