<?xml version="1.0" encoding="ISO-8859-1"?> 
<?xml-stylesheet href="latest_ob.xsl" type="text/xsl"?>
<current_observation version="1.0"
	 xmlns:xsd="http://www.w3.org/2001/XMLSchema"
	 xmlns:xsi="http://www.w3.org/2001/XMLSchema-instance"
	 xsi:noNamespaceSchemaLocation="http://www.weather.gov/view/current_observation.xsd">
	<credit>NOAA's National Weather Service</credit>
	<credit_URL>http://weather.gov/</credit_URL>
	<image>
		<url>http://weather.gov/images/xml_logo.gif</url>
		<title>NOAA's National Weather Service</title>
		<link>http://weather.gov</link>
	</image>
	<suggested_pickup>15 minutes after the hour</suggested_pickup>
	<suggested_pickup_period>60</suggested_pickup_period>
	<location>Payload Test (C-MAN Set-Up)</location>
	<station_id>AMPS3</station_id>
	<latitude>30.357</latitude>
	<longitude>-89.613</longitude>
	<observation_time>Last Updated on Aug 19 2010, 9:00 am CST</observation_time>
        <observation_time_rfc822>Thu, 19 Aug 2010 09:00:00 -0600</observation_time_rfc822>
	<temperature_string>73.2 F (22.9 C)</temperature_string>
	<temp_f>73.2</temp_f>
	<temp_c>22.9</temp_c>
	<water_temp_f>73.6</water_temp_f>
	<water_temp_c>23.1</water_temp_c>
	<wind_string>from the East at 11.4 gusting to 11.4 MPH (9.91 gusting to 9.91 KT)</wind_string>
	<wind_dir>East</wind_dir>
	<wind_degrees>90</wind_degrees>
	<wind_mph>11.4</wind_mph>
	<wind_gust_mph>11.4</wind_gust_mph>
	<wind_kt>9.91</wind_kt>
	<wind_gust_kt>9.91</wind_gust_kt>
	<dewpoint_string>64.9 F (18.3 C)</dewpoint_string>
	<dewpoint_f>64.9</dewpoint_f>
	<dewpoint_c>18.3</dewpoint_c>
	<mean_wave_dir>Southeast</mean_wave_dir>
	<mean_wave_degrees></mean_wave_degrees>
	<disclaimer_url>http://weather.gov/disclaimer.html</disclaimer_url>
	<copyright_url>http://weather.gov/disclaimer.html</copyright_url>
	<privacy_policy_url>http://weather.gov/notice.html</privacy_policy_url>
</current_observation>
