<?xml version="1.0" encoding="ISO-8859-1"?> 
<?xml-stylesheet href="latest_ob.xsl" type="text/xsl"?>
<current_observation version="1.0"
	 xmlns:xsd="http://www.w3.org/2001/XMLSchema"
	 xmlns:xsi="http://www.w3.org/2001/XMLSchema-instance"
	 xsi:noNamespaceSchemaLocation="http://www.weather.gov/view/current_observation.xsd">
	<credit>NOAA's National Weather Service</credit>
	<credit_URL>http://weather.gov/</credit_URL>
	<image>
		<url>http://weather.gov/images/xml_logo.gif</url>
		<title>NOAA's National Weather Service</title>
		<link>http://weather.gov</link>
	</image>
	<suggested_pickup>15 minutes after the hour</suggested_pickup>
	<suggested_pickup_period>60</suggested_pickup_period>
	<location>ANM - Anna Maria, FL</location>
	<station_id>ANMF1</station_id>
	<latitude>27.55</latitude>
	<longitude>-82.75</longitude>
	<observation_time>Last Updated on Mar 8 2011, 6:54 pm EST</observation_time>
        <observation_time_rfc822>Tue, 08 Mar 2011 18:54:00 -0500</observation_time_rfc822>
	<temperature_string>69.6 F (20.9 C)</temperature_string>
	<temp_f>69.6</temp_f>
	<temp_c>20.9</temp_c>
	<wind_string>Calm</wind_string>
	<wind_dir>North</wind_dir>
	<wind_mph>0.0</wind_mph>
	<wind_gust_mph>1.1</wind_gust_mph>
	<wind_gust_kt>0.97</wind_gust_kt>
	<pressure_string>1019.6 mb</pressure_string>
	<pressure_mb>1019.6</pressure_mb>
	<mean_wave_dir>Northeast</mean_wave_dir>
	<mean_wave_degrees></mean_wave_degrees>
	<tide_ft>0.50</tide_ft>
	<disclaimer_url>http://weather.gov/disclaimer.html</disclaimer_url>
	<copyright_url>http://weather.gov/disclaimer.html</copyright_url>
	<privacy_policy_url>http://weather.gov/notice.html</privacy_policy_url>
</current_observation>
