<?xml version="1.0" encoding="ISO-8859-1"?> 
<?xml-stylesheet href="latest_ob.xsl" type="text/xsl"?>
<current_observation version="1.0"
	 xmlns:xsd="http://www.w3.org/2001/XMLSchema"
	 xmlns:xsi="http://www.w3.org/2001/XMLSchema-instance"
	 xsi:noNamespaceSchemaLocation="http://www.weather.gov/view/current_observation.xsd">
	<credit>NOAA's National Weather Service</credit>
	<credit_URL>http://weather.gov/</credit_URL>
	<image>
		<url>http://weather.gov/images/xml_logo.gif</url>
		<title>NOAA's National Weather Service</title>
		<link>http://weather.gov</link>
	</image>
	<suggested_pickup>15 minutes after the hour</suggested_pickup>
	<suggested_pickup_period>60</suggested_pickup_period>
	<location>9416841 - Arena Cove, CA</location>
	<station_id>ANVC1</station_id>
	<latitude>38.913</latitude>
	<longitude>-123.708</longitude>
	<observation_time>Last Updated on Mar 8 2011, 4:54 pm PST</observation_time>
        <observation_time_rfc822>Tue, 08 Mar 2011 16:54:00 -0800</observation_time_rfc822>
	<temperature_string>54.1 F (12.3 C)</temperature_string>
	<temp_f>54.1</temp_f>
	<temp_c>12.3</temp_c>
	<water_temp_f>52.3</water_temp_f>
	<water_temp_c>11.3</water_temp_c>
	<wind_string>from the Northwest at 4.7 gusting to 4.7 MPH (4.08 gusting to 4.08 KT)</wind_string>
	<wind_dir>Northwest</wind_dir>
	<wind_degrees>300</wind_degrees>
	<wind_mph>4.7</wind_mph>
	<wind_gust_mph>4.7</wind_gust_mph>
	<wind_kt>4.08</wind_kt>
	<wind_gust_kt>4.08</wind_gust_kt>
	<pressure_string>1026.0 mb</pressure_string>
	<pressure_mb>1026.0</pressure_mb>
	<windchill_string>53 F (12 C)</windchill_string>
      	<windchill_f>53</windchill_f>
      	<windchill_c>12</windchill_c>
	<mean_wave_dir>Northeast</mean_wave_dir>
	<mean_wave_degrees></mean_wave_degrees>
	<disclaimer_url>http://weather.gov/disclaimer.html</disclaimer_url>
	<copyright_url>http://weather.gov/disclaimer.html</copyright_url>
	<privacy_policy_url>http://weather.gov/notice.html</privacy_policy_url>
</current_observation>
