<?xml version="1.0" encoding="ISO-8859-1"?> 
<?xml-stylesheet href="latest_ob.xsl" type="text/xsl"?>
<current_observation version="1.0"
	 xmlns:xsd="http://www.w3.org/2001/XMLSchema"
	 xmlns:xsi="http://www.w3.org/2001/XMLSchema-instance"
	 xsi:noNamespaceSchemaLocation="http://www.weather.gov/view/current_observation.xsd">
	<credit>NOAA's National Weather Service</credit>
	<credit_URL>http://weather.gov/</credit_URL>
	<image>
		<url>http://weather.gov/images/xml_logo.gif</url>
		<title>NOAA's National Weather Service</title>
		<link>http://weather.gov</link>
	</image>
	<suggested_pickup>15 minutes after the hour</suggested_pickup>
	<suggested_pickup_period>60</suggested_pickup_period>
	<location>8413320 - Bar Harbor, ME</location>
	<station_id>ATGM1</station_id>
	<latitude>44.392</latitude>
	<longitude>-68.205</longitude>
	<observation_time>Last Updated on Mar 8 2011, 8:00 pm EST</observation_time>
        <observation_time_rfc822>Tue, 08 Mar 2011 20:00:00 -0500</observation_time_rfc822>
	<temperature_string>29.8 F (-1.2 C)</temperature_string>
	<temp_f>29.8</temp_f>
	<temp_c>-1.2</temp_c>
	<water_temp_f>38.5</water_temp_f>
	<water_temp_c>3.6</water_temp_c>
	<wind_string>from the Northwest at 5.8 gusting to 9.2 MPH (5.05 gusting to 7.96 KT)</wind_string>
	<wind_dir>Northwest</wind_dir>
	<wind_degrees>310</wind_degrees>
	<wind_mph>5.8</wind_mph>
	<wind_gust_mph>9.2</wind_gust_mph>
	<wind_kt>5.05</wind_kt>
	<wind_gust_kt>7.96</wind_gust_kt>
	<pressure_string>1037.6 mb</pressure_string>
	<pressure_mb>1037.6</pressure_mb>
	<pressure_tendency_mb>2.6</pressure_tendency_mb>
	<windchill_string>24 F (-4 C)</windchill_string>
      	<windchill_f>24</windchill_f>
      	<windchill_c>-4</windchill_c>
	<mean_wave_dir>Northeast</mean_wave_dir>
	<mean_wave_degrees></mean_wave_degrees>
	<disclaimer_url>http://weather.gov/disclaimer.html</disclaimer_url>
	<copyright_url>http://weather.gov/disclaimer.html</copyright_url>
	<privacy_policy_url>http://weather.gov/notice.html</privacy_policy_url>
</current_observation>
