<?xml version="1.0" encoding="ISO-8859-1"?> 
<?xml-stylesheet href="latest_ob.xsl" type="text/xsl"?>
<current_observation version="1.0"
	 xmlns:xsd="http://www.w3.org/2001/XMLSchema"
	 xmlns:xsi="http://www.w3.org/2001/XMLSchema-instance"
	 xsi:noNamespaceSchemaLocation="http://www.weather.gov/view/current_observation.xsd">
	<credit>NOAA's National Weather Service</credit>
	<credit_URL>http://weather.gov/</credit_URL>
	<image>
		<url>http://weather.gov/images/xml_logo.gif</url>
		<title>NOAA's National Weather Service</title>
		<link>http://weather.gov</link>
	</image>
	<suggested_pickup>15 minutes after the hour</suggested_pickup>
	<suggested_pickup_period>60</suggested_pickup_period>
	<location>9461710 - Atka, AK</location>
	<station_id>ATKA2</station_id>
	<latitude>52.232</latitude>
	<longitude>-174.173</longitude>
	<observation_time>Last Updated on Dec 30 2010, 6:12 pm AKST</observation_time>
        <observation_time_rfc822>Thu, 30 Dec 2010 18:12:00 -0900</observation_time_rfc822>
	<temperature_string>32.7 F (0.4 C)</temperature_string>
	<temp_f>32.7</temp_f>
	<temp_c>0.4</temp_c>
	<water_temp_f>40.1</water_temp_f>
	<water_temp_c>4.5</water_temp_c>
	<wind_string>from the Northwest at 12.7 gusting to 17.2 MPH (11.07 gusting to 14.96 KT)</wind_string>
	<wind_dir>Northwest</wind_dir>
	<wind_degrees>310</wind_degrees>
	<wind_mph>12.7</wind_mph>
	<wind_gust_mph>17.2</wind_gust_mph>
	<wind_kt>11.07</wind_kt>
	<wind_gust_kt>14.96</wind_gust_kt>
	<pressure_string>984.8 mb</pressure_string>
	<pressure_mb>984.8</pressure_mb>
	<windchill_string>23 F (-5 C)</windchill_string>
      	<windchill_f>23</windchill_f>
      	<windchill_c>-5</windchill_c>
	<mean_wave_dir>East</mean_wave_dir>
	<mean_wave_degrees></mean_wave_degrees>
	<disclaimer_url>http://weather.gov/disclaimer.html</disclaimer_url>
	<copyright_url>http://weather.gov/disclaimer.html</copyright_url>
	<privacy_policy_url>http://weather.gov/notice.html</privacy_policy_url>
</current_observation>
