<?xml version="1.0" encoding="ISO-8859-1"?> 
<?xml-stylesheet href="latest_ob.xsl" type="text/xsl"?>
<current_observation version="1.0"
	 xmlns:xsd="http://www.w3.org/2001/XMLSchema"
	 xmlns:xsi="http://www.w3.org/2001/XMLSchema-instance"
	 xsi:noNamespaceSchemaLocation="http://www.weather.gov/view/current_observation.xsd">
	<credit>NOAA's National Weather Service</credit>
	<credit_URL>http://weather.gov/</credit_URL>
	<image>
		<url>http://weather.gov/images/xml_logo.gif</url>
		<title>NOAA's National Weather Service</title>
		<link>http://weather.gov</link>
	</image>
	<suggested_pickup>15 minutes after the hour</suggested_pickup>
	<suggested_pickup_period>60</suggested_pickup_period>
	<location>Cedar Key, FL</location>
	<station_id>CDRF1</station_id>
	<latitude>29.136</latitude>
	<longitude>-83.029</longitude>
	<observation_time>Last Updated on Mar 8 2011, 8:00 pm EST</observation_time>
        <observation_time_rfc822>Tue, 08 Mar 2011 20:00:00 -0500</observation_time_rfc822>
	<temperature_string>69.8 F (21.0 C)</temperature_string>
	<temp_f>69.8</temp_f>
	<temp_c>21.0</temp_c>
	<wind_string>from the East at 12.7 gusting to 13.9 MPH (11.07 gusting to 12.05 KT)</wind_string>
	<wind_dir>East</wind_dir>
	<wind_degrees>80</wind_degrees>
	<wind_mph>12.7</wind_mph>
	<wind_gust_mph>13.9</wind_gust_mph>
	<wind_kt>11.07</wind_kt>
	<wind_gust_kt>12.05</wind_gust_kt>
	<pressure_string>1020.4 mb</pressure_string>
	<pressure_mb>1020.4</pressure_mb>
	<pressure_tendency_mb>0.3</pressure_tendency_mb>
	<dewpoint_string>55.6 F (13.1 C)</dewpoint_string>
	<dewpoint_f>55.6</dewpoint_f>
	<dewpoint_c>13.1</dewpoint_c>
	<mean_wave_dir>Northeast</mean_wave_dir>
	<mean_wave_degrees></mean_wave_degrees>
	<disclaimer_url>http://weather.gov/disclaimer.html</disclaimer_url>
	<copyright_url>http://weather.gov/disclaimer.html</copyright_url>
	<privacy_policy_url>http://weather.gov/notice.html</privacy_policy_url>
</current_observation>
