<?xml version="1.0" encoding="ISO-8859-1"?> 
<?xml-stylesheet href="latest_ob.xsl" type="text/xsl"?>
<current_observation version="1.0"
	 xmlns:xsd="http://www.w3.org/2001/XMLSchema"
	 xmlns:xsi="http://www.w3.org/2001/XMLSchema-instance"
	 xsi:noNamespaceSchemaLocation="http://www.weather.gov/view/current_observation.xsd">
	<credit>NOAA's National Weather Service</credit>
	<credit_URL>http://weather.gov/</credit_URL>
	<image>
		<url>http://weather.gov/images/xml_logo.gif</url>
		<title>NOAA's National Weather Service</title>
		<link>http://weather.gov</link>
	</image>
	<suggested_pickup>15 minutes after the hour</suggested_pickup>
	<suggested_pickup_period>60</suggested_pickup_period>
	<location>Elkhorn Slough Reserve, CA</location>
	<station_id>ELXC1</station_id>
	<latitude>36.815</latitude>
	<longitude>-121.738</longitude>
	<observation_time>Last Updated on Mar 8 2011, 3:45 pm PST</observation_time>
        <observation_time_rfc822>Tue, 08 Mar 2011 15:45:00 -0800</observation_time_rfc822>
	<temperature_string>59.2 F (15.1 C)</temperature_string>
	<temp_f>59.2</temp_f>
	<temp_c>15.1</temp_c>
	<wind_string>Calm</wind_string>
	<wind_dir>North</wind_dir>
	<wind_mph>0.0</wind_mph>
	<pressure_string>1024.0 mb</pressure_string>
	<pressure_mb>1024.0</pressure_mb>
	<dewpoint_string>52.7 F (11.5 C)</dewpoint_string>
	<dewpoint_f>52.7</dewpoint_f>
	<dewpoint_c>11.5</dewpoint_c>
	<mean_wave_dir>Northeast</mean_wave_dir>
	<mean_wave_degrees></mean_wave_degrees>
	<disclaimer_url>http://weather.gov/disclaimer.html</disclaimer_url>
	<copyright_url>http://weather.gov/disclaimer.html</copyright_url>
	<privacy_policy_url>http://weather.gov/notice.html</privacy_policy_url>
</current_observation>
