<?xml version="1.0" encoding="ISO-8859-1"?> 
<?xml-stylesheet href="latest_ob.xsl" type="text/xsl"?>
<current_observation version="1.0"
	 xmlns:xsd="http://www.w3.org/2001/XMLSchema"
	 xmlns:xsi="http://www.w3.org/2001/XMLSchema-instance"
	 xsi:noNamespaceSchemaLocation="http://www.weather.gov/view/current_observation.xsd">
	<credit>NOAA's National Weather Service</credit>
	<credit_URL>http://weather.gov/</credit_URL>
	<image>
		<url>http://weather.gov/images/xml_logo.gif</url>
		<title>NOAA's National Weather Service</title>
		<link>http://weather.gov</link>
	</image>
	<suggested_pickup>15 minutes after the hour</suggested_pickup>
	<suggested_pickup_period>60</suggested_pickup_period>
	<location>Five Finger, AK</location>
	<station_id>FFIA2</station_id>
	<latitude>57.272</latitude>
	<longitude>-133.63</longitude>
	<observation_time>Last Updated on Mar 8 2011, 4:00 pm AKST</observation_time>
        <observation_time_rfc822>Tue, 08 Mar 2011 16:00:00 -0900</observation_time_rfc822>
	<temperature_string>33.1 F (0.6 C)</temperature_string>
	<temp_f>33.1</temp_f>
	<temp_c>0.6</temp_c>
	<wind_string>from the North at 8.0 gusting to 9.2 MPH (6.99 gusting to 7.96 KT)</wind_string>
	<wind_dir>North</wind_dir>
	<wind_degrees>20</wind_degrees>
	<wind_mph>8.0</wind_mph>
	<wind_gust_mph>9.2</wind_gust_mph>
	<wind_kt>6.99</wind_kt>
	<wind_gust_kt>7.96</wind_gust_kt>
	<pressure_string>1004.6 mb</pressure_string>
	<pressure_mb>1004.6</pressure_mb>
	<pressure_tendency_mb>0.7</pressure_tendency_mb>
	<windchill_string>26 F (-3 C)</windchill_string>
      	<windchill_f>26</windchill_f>
      	<windchill_c>-3</windchill_c>
	<mean_wave_dir>Northeast</mean_wave_dir>
	<mean_wave_degrees></mean_wave_degrees>
	<disclaimer_url>http://weather.gov/disclaimer.html</disclaimer_url>
	<copyright_url>http://weather.gov/disclaimer.html</copyright_url>
	<privacy_policy_url>http://weather.gov/notice.html</privacy_policy_url>
</current_observation>
