<?xml version="1.0" encoding="ISO-8859-1"?> 
<?xml-stylesheet href="latest_ob.xsl" type="text/xsl"?>
<current_observation version="1.0"
	 xmlns:xsd="http://www.w3.org/2001/XMLSchema"
	 xmlns:xsi="http://www.w3.org/2001/XMLSchema-instance"
	 xsi:noNamespaceSchemaLocation="http://www.weather.gov/view/current_observation.xsd">
	<credit>NOAA's National Weather Service</credit>
	<credit_URL>http://weather.gov/</credit_URL>
	<image>
		<url>http://weather.gov/images/xml_logo.gif</url>
		<title>NOAA's National Weather Service</title>
		<link>http://weather.gov</link>
	</image>
	<suggested_pickup>15 minutes after the hour</suggested_pickup>
	<suggested_pickup_period>60</suggested_pickup_period>
	<location>9753216 - Fajardo, PR</location>
	<station_id>FRDP4</station_id>
	<latitude>18.335</latitude>
	<longitude>-65.631</longitude>
	<observation_time>Last Updated on Mar 9 2011, 1:00 am NST </observation_time>
        <observation_time_rfc822>Wed, 09 Mar 2011 01:00:00 +0000</observation_time_rfc822>
	<temperature_string>75.2 F (24.0 C)</temperature_string>
	<temp_f>75.2</temp_f>
	<temp_c>24.0</temp_c>
	<water_temp_f>80.2</water_temp_f>
	<water_temp_c>26.8</water_temp_c>
	<wind_string>from the North at 9.2 gusting to 11.4 MPH (7.96 gusting to 9.91 KT)</wind_string>
	<wind_dir>North</wind_dir>
	<wind_degrees>360</wind_degrees>
	<wind_mph>9.2</wind_mph>
	<wind_gust_mph>11.4</wind_gust_mph>
	<wind_kt>7.96</wind_kt>
	<wind_gust_kt>9.91</wind_gust_kt>
	<pressure_string>1018.2 mb</pressure_string>
	<pressure_mb>1018.2</pressure_mb>
	<pressure_tendency_mb>1.4</pressure_tendency_mb>
	<mean_wave_dir>Northeast</mean_wave_dir>
	<mean_wave_degrees></mean_wave_degrees>
	<disclaimer_url>http://weather.gov/disclaimer.html</disclaimer_url>
	<copyright_url>http://weather.gov/disclaimer.html</copyright_url>
	<privacy_policy_url>http://weather.gov/notice.html</privacy_policy_url>
</current_observation>
