<?xml version="1.0" encoding="ISO-8859-1"?> 
<?xml-stylesheet href="latest_ob.xsl" type="text/xsl"?>
<current_observation version="1.0"
	 xmlns:xsd="http://www.w3.org/2001/XMLSchema"
	 xmlns:xsi="http://www.w3.org/2001/XMLSchema-instance"
	 xsi:noNamespaceSchemaLocation="http://www.weather.gov/view/current_observation.xsd">
	<credit>NOAA's National Weather Service</credit>
	<credit_URL>http://weather.gov/</credit_URL>
	<image>
		<url>http://weather.gov/images/xml_logo.gif</url>
		<title>NOAA's National Weather Service</title>
		<link>http://weather.gov</link>
	</image>
	<suggested_pickup>15 minutes after the hour</suggested_pickup>
	<suggested_pickup_period>60</suggested_pickup_period>
	<location>8744707 - Gulfport Outer Range, MS</location>
	<station_id>GPOM6</station_id>
	<latitude>30.23</latitude>
	<longitude>-88.982</longitude>
	<observation_time>Last Updated on Mar 8 2011, 7:00 pm CST</observation_time>
        <observation_time_rfc822>Tue, 08 Mar 2011 19:00:00 -0600</observation_time_rfc822>
	<temperature_string>66.0 F (18.9 C)</temperature_string>
	<temp_f>66.0</temp_f>
	<temp_c>18.9</temp_c>
	<wind_string>from the Southeast at 24.2 gusting to 27.7 MPH (20.99 gusting to 24.1 KT)</wind_string>
	<wind_dir>Southeast</wind_dir>
	<wind_degrees>140</wind_degrees>
	<wind_mph>24.2</wind_mph>
	<wind_gust_mph>27.7</wind_gust_mph>
	<wind_kt>20.99</wind_kt>
	<wind_gust_kt>24.1</wind_gust_kt>
	<pressure_string>1014.0 mb</pressure_string>
	<pressure_mb>1014.0</pressure_mb>
	<pressure_tendency_mb>-0.3</pressure_tendency_mb>
	<mean_wave_dir>Northeast</mean_wave_dir>
	<mean_wave_degrees></mean_wave_degrees>
	<disclaimer_url>http://weather.gov/disclaimer.html</disclaimer_url>
	<copyright_url>http://weather.gov/disclaimer.html</copyright_url>
	<privacy_policy_url>http://weather.gov/notice.html</privacy_policy_url>
</current_observation>
