<?xml version="1.0" encoding="ISO-8859-1"?> 
<?xml-stylesheet href="latest_ob.xsl" type="text/xsl"?>
<current_observation version="1.0"
	 xmlns:xsd="http://www.w3.org/2001/XMLSchema"
	 xmlns:xsi="http://www.w3.org/2001/XMLSchema-instance"
	 xsi:noNamespaceSchemaLocation="http://www.weather.gov/view/current_observation.xsd">
	<credit>NOAA's National Weather Service</credit>
	<credit_URL>http://weather.gov/</credit_URL>
	<image>
		<url>http://weather.gov/images/xml_logo.gif</url>
		<title>NOAA's National Weather Service</title>
		<link>http://weather.gov</link>
	</image>
	<suggested_pickup>15 minutes after the hour</suggested_pickup>
	<suggested_pickup_period>60</suggested_pickup_period>
	<location>Isle of Shoals, NH</location>
	<station_id>IOSN3</station_id>
	<latitude>42.967</latitude>
	<longitude>-70.623</longitude>
	<observation_time>Last Updated on Mar 8 2011, 8:00 pm EST</observation_time>
        <observation_time_rfc822>Tue, 08 Mar 2011 20:00:00 -0500</observation_time_rfc822>
	<temperature_string>35.4 F (1.9 C)</temperature_string>
	<temp_f>35.4</temp_f>
	<temp_c>1.9</temp_c>
	<wind_string>from the Northeast at 6.9 gusting to 8.0 MPH (6.02 gusting to 6.99 KT)</wind_string>
	<wind_dir>Northeast</wind_dir>
	<wind_degrees>50</wind_degrees>
	<wind_mph>6.9</wind_mph>
	<wind_gust_mph>8.0</wind_gust_mph>
	<wind_kt>6.02</wind_kt>
	<wind_gust_kt>6.99</wind_gust_kt>
	<pressure_string>1037.6 mb</pressure_string>
	<pressure_mb>1037.6</pressure_mb>
	<pressure_tendency_mb>1.6</pressure_tendency_mb>
	<dewpoint_string>20.1 F (-6.6 C)</dewpoint_string>
	<dewpoint_f>20.1</dewpoint_f>
	<dewpoint_c>-6.6</dewpoint_c>
	<windchill_string>30 F (-1 C)</windchill_string>
      	<windchill_f>30</windchill_f>
      	<windchill_c>-1</windchill_c>
	<mean_wave_dir>Northeast</mean_wave_dir>
	<mean_wave_degrees></mean_wave_degrees>
	<disclaimer_url>http://weather.gov/disclaimer.html</disclaimer_url>
	<copyright_url>http://weather.gov/disclaimer.html</copyright_url>
	<privacy_policy_url>http://weather.gov/notice.html</privacy_policy_url>
</current_observation>
