<?xml version="1.0" encoding="ISO-8859-1"?> 
<?xml-stylesheet href="latest_ob.xsl" type="text/xsl"?>
<current_observation version="1.0"
	 xmlns:xsd="http://www.w3.org/2001/XMLSchema"
	 xmlns:xsi="http://www.w3.org/2001/XMLSchema-instance"
	 xsi:noNamespaceSchemaLocation="http://www.weather.gov/view/current_observation.xsd">
	<credit>NOAA's National Weather Service</credit>
	<credit_URL>http://weather.gov/</credit_URL>
	<image>
		<url>http://weather.gov/images/xml_logo.gif</url>
		<title>NOAA's National Weather Service</title>
		<link>http://weather.gov</link>
	</image>
	<suggested_pickup>15 minutes after the hour</suggested_pickup>
	<suggested_pickup_period>60</suggested_pickup_period>
	<location>Fort Worth Alliance Airport, TX</location>
	<station_id>KAFW</station_id>
	<latitude>32.98</latitude>
	<longitude>-97.32</longitude>
	<observation_time>Last Updated on Mar 8 2011, 8:53 pm CST</observation_time>
        <observation_time_rfc822>Tue, 08 Mar 2011 20:53:00 -0600</observation_time_rfc822>
	<weather>Fair</weather>
	<temperature_string>63.0 F (17.2 C)</temperature_string>
	<temp_f>63.0</temp_f>
	<temp_c>17.2</temp_c>
	<relative_humidity>48</relative_humidity>
	<wind_string>North at 15.0 MPH (13 KT)</wind_string>
	<wind_dir>North</wind_dir>
	<wind_degrees>350</wind_degrees>
	<wind_mph>15.0</wind_mph>
	<wind_kt>13</wind_kt>
	<pressure_string>1008.8 mb</pressure_string>
	<pressure_mb>1008.8</pressure_mb>
	<pressure_in>29.80</pressure_in>
	<dewpoint_string>43.0 F (6.1 C)</dewpoint_string>
	<dewpoint_f>43.0</dewpoint_f>
	<dewpoint_c>6.1</dewpoint_c>
	<windchill_string>61 F (16 C)</windchill_string>
      	<windchill_f>61</windchill_f>
      	<windchill_c>16</windchill_c>
	<visibility_mi>10.00</visibility_mi>
 	<icon_url_base>http://weather.gov/weather/images/fcicons/</icon_url_base>
	<two_day_history_url>http://www.weather.gov/data/obhistory/KAFW.html</two_day_history_url>
	<icon_url_name>nskc.jpg</icon_url_name>
	<ob_url>http://www.nws.noaa.gov/data/METAR/KAFW.1.txt</ob_url>
	<disclaimer_url>http://weather.gov/disclaimer.html</disclaimer_url>
	<copyright_url>http://weather.gov/disclaimer.html</copyright_url>
	<privacy_policy_url>http://weather.gov/notice.html</privacy_policy_url>
</current_observation>
