<?xml version="1.0" encoding="ISO-8859-1"?> 
<?xml-stylesheet href="latest_ob.xsl" type="text/xsl"?>
<current_observation version="1.0"
	 xmlns:xsd="http://www.w3.org/2001/XMLSchema"
	 xmlns:xsi="http://www.w3.org/2001/XMLSchema-instance"
	 xsi:noNamespaceSchemaLocation="http://www.weather.gov/view/current_observation.xsd">
	<credit>NOAA's National Weather Service</credit>
	<credit_URL>http://weather.gov/</credit_URL>
	<image>
		<url>http://weather.gov/images/xml_logo.gif</url>
		<title>NOAA's National Weather Service</title>
		<link>http://weather.gov</link>
	</image>
	<suggested_pickup>15 minutes after the hour</suggested_pickup>
	<suggested_pickup_period>60</suggested_pickup_period>
	<location>Boca Raton Airport, FL</location>
	<station_id>KBCT</station_id>
	<latitude>26.38</latitude>
	<longitude>-80.1</longitude>
	<observation_time>Last Updated on Mar 8 2011, 9:45 pm EST</observation_time>
        <observation_time_rfc822>Tue, 08 Mar 2011 21:45:00 -0500</observation_time_rfc822>
	<weather>A Few Clouds</weather>
	<temperature_string>73.0 F (23.0 C)</temperature_string>
	<temp_f>73.0</temp_f>
	<temp_c>23.0</temp_c>
	<relative_humidity>78</relative_humidity>
	<wind_string>East at 12.7 MPH (11 KT)</wind_string>
	<wind_dir>East</wind_dir>
	<wind_degrees>100</wind_degrees>
	<wind_mph>12.7</wind_mph>
	<wind_kt>11</wind_kt>
	<pressure_in>30.18</pressure_in>
	<dewpoint_string>66.2 F (19.0 C)</dewpoint_string>
	<dewpoint_f>66.2</dewpoint_f>
	<dewpoint_c>19.0</dewpoint_c>
	<visibility_mi>10.00</visibility_mi>
 	<icon_url_base>http://weather.gov/weather/images/fcicons/</icon_url_base>
	<two_day_history_url>http://www.weather.gov/data/obhistory/KBCT.html</two_day_history_url>
	<icon_url_name>nfew.jpg</icon_url_name>
	<ob_url>http://www.nws.noaa.gov/data/METAR/KBCT.1.txt</ob_url>
	<disclaimer_url>http://weather.gov/disclaimer.html</disclaimer_url>
	<copyright_url>http://weather.gov/disclaimer.html</copyright_url>
	<privacy_policy_url>http://weather.gov/notice.html</privacy_policy_url>
</current_observation>
