<?xml version="1.0" encoding="ISO-8859-1"?> 
<?xml-stylesheet href="latest_ob.xsl" type="text/xsl"?>
<current_observation version="1.0"
	 xmlns:xsd="http://www.w3.org/2001/XMLSchema"
	 xmlns:xsi="http://www.w3.org/2001/XMLSchema-instance"
	 xsi:noNamespaceSchemaLocation="http://www.weather.gov/view/current_observation.xsd">
	<credit>NOAA's National Weather Service</credit>
	<credit_URL>http://weather.gov/</credit_URL>
	<image>
		<url>http://weather.gov/images/xml_logo.gif</url>
		<title>NOAA's National Weather Service</title>
		<link>http://weather.gov</link>
	</image>
	<suggested_pickup>15 minutes after the hour</suggested_pickup>
	<suggested_pickup_period>60</suggested_pickup_period>
	<location>Whiteville-Columbus Co Muni Airport, NC</location>
	<station_id>KCPC</station_id>
	<latitude>34.28</latitude>
	<longitude>-78.71</longitude>
	<observation_time>Last Updated on Mar 8 2011, 9:55 pm EST</observation_time>
        <observation_time_rfc822>Tue, 08 Mar 2011 21:55:00 -0500</observation_time_rfc822>
	<weather>Mostly Cloudy</weather>
	<temperature_string>51.0 F (10.6 C)</temperature_string>
	<temp_f>51.0</temp_f>
	<temp_c>10.6</temp_c>
	<relative_humidity>79</relative_humidity>
	<wind_string>East at 9.2 MPH (8 KT)</wind_string>
	<wind_dir>East</wind_dir>
	<wind_degrees>90</wind_degrees>
	<wind_mph>9.2</wind_mph>
	<wind_kt>8</wind_kt>
	<pressure_in>30.40</pressure_in>
	<dewpoint_string>44.8 F (7.1 C)</dewpoint_string>
	<dewpoint_f>44.8</dewpoint_f>
	<dewpoint_c>7.1</dewpoint_c>
	<windchill_string>48 F (9 C)</windchill_string>
      	<windchill_f>48</windchill_f>
      	<windchill_c>9</windchill_c>
	<visibility_mi>10.00</visibility_mi>
 	<icon_url_base>http://weather.gov/weather/images/fcicons/</icon_url_base>
	<two_day_history_url>http://www.weather.gov/data/obhistory/KCPC.html</two_day_history_url>
	<icon_url_name>nbkn.jpg</icon_url_name>
	<ob_url>http://www.nws.noaa.gov/data/METAR/KCPC.1.txt</ob_url>
	<disclaimer_url>http://weather.gov/disclaimer.html</disclaimer_url>
	<copyright_url>http://weather.gov/disclaimer.html</copyright_url>
	<privacy_policy_url>http://weather.gov/notice.html</privacy_policy_url>
</current_observation>
