<?xml version="1.0" encoding="ISO-8859-1"?> 
<?xml-stylesheet href="latest_ob.xsl" type="text/xsl"?>
<current_observation version="1.0"
	 xmlns:xsd="http://www.w3.org/2001/XMLSchema"
	 xmlns:xsi="http://www.w3.org/2001/XMLSchema-instance"
	 xsi:noNamespaceSchemaLocation="http://www.weather.gov/view/current_observation.xsd">
	<credit>NOAA's National Weather Service</credit>
	<credit_URL>http://weather.gov/</credit_URL>
	<image>
		<url>http://weather.gov/images/xml_logo.gif</url>
		<title>NOAA's National Weather Service</title>
		<link>http://weather.gov</link>
	</image>
	<suggested_pickup>15 minutes after the hour</suggested_pickup>
	<suggested_pickup_period>60</suggested_pickup_period>
	<location>Sampson County Airport, NC</location>
	<station_id>KCTZ</station_id>
	<latitude>34.983</latitude>
	<longitude>-78.367</longitude>
	<observation_time>Last Updated on Mar 8 2011, 9:55 pm EST</observation_time>
        <observation_time_rfc822>Tue, 08 Mar 2011 21:55:00 -0500</observation_time_rfc822>
	<weather>Fair</weather>
	<temperature_string>49.0 F (9.2 C)</temperature_string>
	<temp_f>49.0</temp_f>
	<temp_c>9.2</temp_c>
	<relative_humidity>78</relative_humidity>
	<wind_string>East at 4.6 MPH (4 KT)</wind_string>
	<wind_dir>East</wind_dir>
	<wind_degrees>110</wind_degrees>
	<wind_mph>4.6</wind_mph>
	<wind_kt>4</wind_kt>
	<pressure_in>30.43</pressure_in>
	<dewpoint_string>41.9 F (5.5 C)</dewpoint_string>
	<dewpoint_f>41.9</dewpoint_f>
	<dewpoint_c>5.5</dewpoint_c>
	<windchill_string>47 F (8 C)</windchill_string>
      	<windchill_f>47</windchill_f>
      	<windchill_c>8</windchill_c>
	<visibility_mi>10.00</visibility_mi>
 	<icon_url_base>http://weather.gov/weather/images/fcicons/</icon_url_base>
	<two_day_history_url>http://www.weather.gov/data/obhistory/KCTZ.html</two_day_history_url>
	<icon_url_name>nskc.jpg</icon_url_name>
	<ob_url>http://www.nws.noaa.gov/data/METAR/KCTZ.1.txt</ob_url>
	<disclaimer_url>http://weather.gov/disclaimer.html</disclaimer_url>
	<copyright_url>http://weather.gov/disclaimer.html</copyright_url>
	<privacy_policy_url>http://weather.gov/notice.html</privacy_policy_url>
</current_observation>
