<?xml version="1.0" encoding="ISO-8859-1"?> 
<?xml-stylesheet href="latest_ob.xsl" type="text/xsl"?>
<current_observation version="1.0"
	 xmlns:xsd="http://www.w3.org/2001/XMLSchema"
	 xmlns:xsi="http://www.w3.org/2001/XMLSchema-instance"
	 xsi:noNamespaceSchemaLocation="http://www.weather.gov/view/current_observation.xsd">
	<credit>NOAA's National Weather Service</credit>
	<credit_URL>http://weather.gov/</credit_URL>
	<image>
		<url>http://weather.gov/images/xml_logo.gif</url>
		<title>NOAA's National Weather Service</title>
		<link>http://weather.gov</link>
	</image>
	<suggested_pickup>15 minutes after the hour</suggested_pickup>
	<suggested_pickup_period>60</suggested_pickup_period>
	<location>Chautauqua County / Dunkirk Airport, NY</location>
	<station_id>KDKK</station_id>
	<latitude>42.5</latitude>
	<longitude>-79.28</longitude>
	<observation_time>Last Updated on Mar 8 2011, 9:53 pm EST</observation_time>
        <observation_time_rfc822>Tue, 08 Mar 2011 21:53:00 -0500</observation_time_rfc822>
	<weather>Fair</weather>
	<temperature_string>40.0 F (4.4 C)</temperature_string>
	<temp_f>40.0</temp_f>
	<temp_c>4.4</temp_c>
	<relative_humidity>35</relative_humidity>
	<wind_string>from the Southeast at 12.7 gusting to 20.7 MPH (11 gusting to 18 KT)</wind_string>
	<wind_dir>Southeast</wind_dir>
	<wind_degrees>130</wind_degrees>
	<wind_mph>12.7</wind_mph>
	<wind_gust_mph>20.7</wind_gust_mph>
	<wind_kt>11</wind_kt>
	<wind_gust_kt>18</wind_gust_kt>
	<pressure_string>1028.9 mb</pressure_string>
	<pressure_mb>1028.9</pressure_mb>
	<pressure_in>30.36</pressure_in>
	<dewpoint_string>14.0 F (-10.0 C)</dewpoint_string>
	<dewpoint_f>14.0</dewpoint_f>
	<dewpoint_c>-10.0</dewpoint_c>
	<windchill_string>33 F (1 C)</windchill_string>
      	<windchill_f>33</windchill_f>
      	<windchill_c>1</windchill_c>
	<visibility_mi>10.00</visibility_mi>
 	<icon_url_base>http://weather.gov/weather/images/fcicons/</icon_url_base>
	<two_day_history_url>http://www.weather.gov/data/obhistory/KDKK.html</two_day_history_url>
	<icon_url_name>nskc.jpg</icon_url_name>
	<ob_url>http://www.nws.noaa.gov/data/METAR/KDKK.1.txt</ob_url>
	<disclaimer_url>http://weather.gov/disclaimer.html</disclaimer_url>
	<copyright_url>http://weather.gov/disclaimer.html</copyright_url>
	<privacy_policy_url>http://weather.gov/notice.html</privacy_policy_url>
</current_observation>
