<?xml version="1.0" encoding="ISO-8859-1"?> 
<?xml-stylesheet href="latest_ob.xsl" type="text/xsl"?>
<current_observation version="1.0"
	 xmlns:xsd="http://www.w3.org/2001/XMLSchema"
	 xmlns:xsi="http://www.w3.org/2001/XMLSchema-instance"
	 xsi:noNamespaceSchemaLocation="http://www.weather.gov/view/current_observation.xsd">
	<credit>NOAA's National Weather Service</credit>
	<credit_URL>http://weather.gov/</credit_URL>
	<image>
		<url>http://weather.gov/images/xml_logo.gif</url>
		<title>NOAA's National Weather Service</title>
		<link>http://weather.gov</link>
	</image>
	<suggested_pickup>15 minutes after the hour</suggested_pickup>
	<suggested_pickup_period>60</suggested_pickup_period>
	<location>Duluth International Airport, MN</location>
	<station_id>KDLH</station_id>
	<latitude>46.84</latitude>
	<longitude>-92.18</longitude>
	<observation_time>Last Updated on Mar 8 2011, 8:55 pm CST</observation_time>
        <observation_time_rfc822>Tue, 08 Mar 2011 20:55:00 -0600</observation_time_rfc822>
	<weather>Partly Cloudy</weather>
	<temperature_string>25.0 F (-3.9 C)</temperature_string>
	<temp_f>25.0</temp_f>
	<temp_c>-3.9</temp_c>
	<relative_humidity>81</relative_humidity>
	<wind_string>East at 11.5 MPH (10 KT)</wind_string>
	<wind_dir>East</wind_dir>
	<wind_degrees>80</wind_degrees>
	<wind_mph>11.5</wind_mph>
	<wind_kt>10</wind_kt>
	<pressure_string>1025.6 mb</pressure_string>
	<pressure_mb>1025.6</pressure_mb>
	<pressure_in>30.21</pressure_in>
	<dewpoint_string>19.9 F (-6.7 C)</dewpoint_string>
	<dewpoint_f>19.9</dewpoint_f>
	<dewpoint_c>-6.7</dewpoint_c>
	<windchill_string>14 F (-10 C)</windchill_string>
      	<windchill_f>14</windchill_f>
      	<windchill_c>-10</windchill_c>
	<visibility_mi>10.00</visibility_mi>
 	<icon_url_base>http://weather.gov/weather/images/fcicons/</icon_url_base>
	<two_day_history_url>http://www.weather.gov/data/obhistory/KDLH.html</two_day_history_url>
	<icon_url_name>nsct.jpg</icon_url_name>
	<ob_url>http://www.nws.noaa.gov/data/METAR/KDLH.1.txt</ob_url>
	<disclaimer_url>http://weather.gov/disclaimer.html</disclaimer_url>
	<copyright_url>http://weather.gov/disclaimer.html</copyright_url>
	<privacy_policy_url>http://weather.gov/notice.html</privacy_policy_url>
</current_observation>
