<?xml version="1.0" encoding="ISO-8859-1"?> 
<?xml-stylesheet href="latest_ob.xsl" type="text/xsl"?>
<current_observation version="1.0"
	 xmlns:xsd="http://www.w3.org/2001/XMLSchema"
	 xmlns:xsi="http://www.w3.org/2001/XMLSchema-instance"
	 xsi:noNamespaceSchemaLocation="http://www.weather.gov/view/current_observation.xsd">
	<credit>NOAA's National Weather Service</credit>
	<credit_URL>http://weather.gov/</credit_URL>
	<image>
		<url>http://weather.gov/images/xml_logo.gif</url>
		<title>NOAA's National Weather Service</title>
		<link>http://weather.gov</link>
	</image>
	<suggested_pickup>15 minutes after the hour</suggested_pickup>
	<suggested_pickup_period>60</suggested_pickup_period>
	<location>Wellsville Municipal Airport, NY</location>
	<station_id>KELZ</station_id>
	<latitude>42.1</latitude>
	<longitude>-77.983</longitude>
	<observation_time>Last Updated on Mar 8 2011, 9:56 pm EST</observation_time>
        <observation_time_rfc822>Tue, 08 Mar 2011 21:56:00 -0500</observation_time_rfc822>
	<weather>Fair</weather>
	<temperature_string>31.0 F (-0.6 C)</temperature_string>
	<temp_f>31.0</temp_f>
	<temp_c>-0.6</temp_c>
	<relative_humidity>45</relative_humidity>
	<wind_string>Southeast at 11.5 MPH (10 KT)</wind_string>
	<wind_dir>Southeast</wind_dir>
	<wind_degrees>140</wind_degrees>
	<wind_mph>11.5</wind_mph>
	<wind_kt>10</wind_kt>
	<pressure_string>1032.4 mb</pressure_string>
	<pressure_mb>1032.4</pressure_mb>
	<pressure_in>30.41</pressure_in>
	<dewpoint_string>12.0 F (-11.1 C)</dewpoint_string>
	<dewpoint_f>12.0</dewpoint_f>
	<dewpoint_c>-11.1</dewpoint_c>
	<windchill_string>22 F (-6 C)</windchill_string>
      	<windchill_f>22</windchill_f>
      	<windchill_c>-6</windchill_c>
	<visibility_mi>10.00</visibility_mi>
 	<icon_url_base>http://weather.gov/weather/images/fcicons/</icon_url_base>
	<two_day_history_url>http://www.weather.gov/data/obhistory/KELZ.html</two_day_history_url>
	<icon_url_name>nskc.jpg</icon_url_name>
	<ob_url>http://www.nws.noaa.gov/data/METAR/KELZ.1.txt</ob_url>
	<disclaimer_url>http://weather.gov/disclaimer.html</disclaimer_url>
	<copyright_url>http://weather.gov/disclaimer.html</copyright_url>
	<privacy_policy_url>http://weather.gov/notice.html</privacy_policy_url>
</current_observation>
