<?xml version="1.0" encoding="ISO-8859-1"?> 
<?xml-stylesheet href="latest_ob.xsl" type="text/xsl"?>
<current_observation version="1.0"
	 xmlns:xsd="http://www.w3.org/2001/XMLSchema"
	 xmlns:xsi="http://www.w3.org/2001/XMLSchema-instance"
	 xsi:noNamespaceSchemaLocation="http://www.weather.gov/view/current_observation.xsd">
	<credit>NOAA's National Weather Service</credit>
	<credit_URL>http://weather.gov/</credit_URL>
	<image>
		<url>http://weather.gov/images/xml_logo.gif</url>
		<title>NOAA's National Weather Service</title>
		<link>http://weather.gov</link>
	</image>
	<suggested_pickup>15 minutes after the hour</suggested_pickup>
	<suggested_pickup_period>60</suggested_pickup_period>
	<location>Newark International Airport, NJ</location>
	<station_id>KEWR</station_id>
	<latitude>40.71</latitude>
	<longitude>-74.17</longitude>
	<observation_time>Last Updated on Mar 8 2011, 9:51 pm EST</observation_time>
        <observation_time_rfc822>Tue, 08 Mar 2011 21:51:00 -0500</observation_time_rfc822>
	<weather>Partly Cloudy</weather>
	<temperature_string>39.0 F (3.9 C)</temperature_string>
	<temp_f>39.0</temp_f>
	<temp_c>3.9</temp_c>
	<relative_humidity>55</relative_humidity>
	<wind_string>Calm</wind_string>
	<wind_dir>North</wind_dir>
	<wind_degrees>0</wind_degrees>
	<wind_mph>0.0</wind_mph>
	<wind_kt>0</wind_kt>
	<pressure_string>1035.8 mb</pressure_string>
	<pressure_mb>1035.8</pressure_mb>
	<pressure_in>30.59</pressure_in>
	<dewpoint_string>24.1 F (-4.4 C)</dewpoint_string>
	<dewpoint_f>24.1</dewpoint_f>
	<dewpoint_c>-4.4</dewpoint_c>
	<visibility_mi>10.00</visibility_mi>
 	<icon_url_base>http://weather.gov/weather/images/fcicons/</icon_url_base>
	<two_day_history_url>http://www.weather.gov/data/obhistory/KEWR.html</two_day_history_url>
	<icon_url_name>nsct.jpg</icon_url_name>
	<ob_url>http://www.nws.noaa.gov/data/METAR/KEWR.1.txt</ob_url>
	<disclaimer_url>http://weather.gov/disclaimer.html</disclaimer_url>
	<copyright_url>http://weather.gov/disclaimer.html</copyright_url>
	<privacy_policy_url>http://weather.gov/notice.html</privacy_policy_url>
</current_observation>
