<?xml version="1.0" encoding="ISO-8859-1"?> 
<?xml-stylesheet href="latest_ob.xsl" type="text/xsl"?>
<current_observation version="1.0"
	 xmlns:xsd="http://www.w3.org/2001/XMLSchema"
	 xmlns:xsi="http://www.w3.org/2001/XMLSchema-instance"
	 xsi:noNamespaceSchemaLocation="http://www.weather.gov/view/current_observation.xsd">
	<credit>NOAA's National Weather Service</credit>
	<credit_URL>http://weather.gov/</credit_URL>
	<image>
		<url>http://weather.gov/images/xml_logo.gif</url>
		<title>NOAA's National Weather Service</title>
		<link>http://weather.gov</link>
	</image>
	<suggested_pickup>15 minutes after the hour</suggested_pickup>
	<suggested_pickup_period>60</suggested_pickup_period>
	<location>Indianapolis, Eagle Creek Airpark, IN</location>
	<station_id>KEYE</station_id>
	<latitude>39.825</latitude>
	<longitude>-86.296</longitude>
	<observation_time>Last Updated on Mar 8 2011, 9:53 pm EST</observation_time>
        <observation_time_rfc822>Tue, 08 Mar 2011 21:53:00 -0500</observation_time_rfc822>
	<weather>Light Rain</weather>
	<temperature_string>49.0 F (9.4 C)</temperature_string>
	<temp_f>49.0</temp_f>
	<temp_c>9.4</temp_c>
	<relative_humidity>64</relative_humidity>
	<wind_string>from the Southeast at 12.7 gusting to 23.0 MPH (11 gusting to 20 KT)</wind_string>
	<wind_dir>Southeast</wind_dir>
	<wind_degrees>120</wind_degrees>
	<wind_mph>12.7</wind_mph>
	<wind_gust_mph>23.0</wind_gust_mph>
	<wind_kt>11</wind_kt>
	<wind_gust_kt>20</wind_gust_kt>
	<pressure_string>1017.3 mb</pressure_string>
	<pressure_mb>1017.3</pressure_mb>
	<pressure_in>30.03</pressure_in>
	<dewpoint_string>37.0 F (2.8 C)</dewpoint_string>
	<dewpoint_f>37.0</dewpoint_f>
	<dewpoint_c>2.8</dewpoint_c>
	<windchill_string>44 F (7 C)</windchill_string>
      	<windchill_f>44</windchill_f>
      	<windchill_c>7</windchill_c>
	<visibility_mi>10.00</visibility_mi>
 	<icon_url_base>http://weather.gov/weather/images/fcicons/</icon_url_base>
	<two_day_history_url>http://www.weather.gov/data/obhistory/KEYE.html</two_day_history_url>
	<icon_url_name>ra1.jpg</icon_url_name>
	<ob_url>http://www.nws.noaa.gov/data/METAR/KEYE.1.txt</ob_url>
	<disclaimer_url>http://weather.gov/disclaimer.html</disclaimer_url>
	<copyright_url>http://weather.gov/disclaimer.html</copyright_url>
	<privacy_policy_url>http://weather.gov/notice.html</privacy_policy_url>
</current_observation>
