<?xml version="1.0" encoding="ISO-8859-1"?> 
<?xml-stylesheet href="latest_ob.xsl" type="text/xsl"?>
<current_observation version="1.0"
	 xmlns:xsd="http://www.w3.org/2001/XMLSchema"
	 xmlns:xsi="http://www.w3.org/2001/XMLSchema-instance"
	 xsi:noNamespaceSchemaLocation="http://www.weather.gov/view/current_observation.xsd">
	<credit>NOAA's National Weather Service</credit>
	<credit_URL>http://weather.gov/</credit_URL>
	<image>
		<url>http://weather.gov/images/xml_logo.gif</url>
		<title>NOAA's National Weather Service</title>
		<link>http://weather.gov</link>
	</image>
	<suggested_pickup>15 minutes after the hour</suggested_pickup>
	<suggested_pickup_period>60</suggested_pickup_period>
	<location>Glasgow Municipal Airport, KY</location>
	<station_id>KGLW</station_id>
	<latitude>36.963</latitude>
	<longitude>-85.946</longitude>
	<observation_time>Last Updated on Mar 8 2011, 7:50 pm CST</observation_time>
        <observation_time_rfc822>Tue, 08 Mar 2011 19:50:00 -0600</observation_time_rfc822>
	<weather>Light Rain</weather>
	<temperature_string>46.0 F (7.5 C)</temperature_string>
	<temp_f>46.0</temp_f>
	<temp_c>7.5</temp_c>
	<relative_humidity>100</relative_humidity>
	<wind_string>Southeast at 6.9 MPH (6 KT)</wind_string>
	<wind_dir>Southeast</wind_dir>
	<wind_degrees>120</wind_degrees>
	<wind_mph>6.9</wind_mph>
	<wind_kt>6</wind_kt>
	<pressure_in>30.04</pressure_in>
	<dewpoint_string>45.5 F (7.5 C)</dewpoint_string>
	<dewpoint_f>45.5</dewpoint_f>
	<dewpoint_c>7.5</dewpoint_c>
	<windchill_string>42 F (6 C)</windchill_string>
      	<windchill_f>42</windchill_f>
      	<windchill_c>6</windchill_c>
	<visibility_mi>10.00</visibility_mi>
 	<icon_url_base>http://weather.gov/weather/images/fcicons/</icon_url_base>
	<two_day_history_url>http://www.weather.gov/data/obhistory/KGLW.html</two_day_history_url>
	<icon_url_name>ra1.jpg</icon_url_name>
	<ob_url>http://www.nws.noaa.gov/data/METAR/KGLW.1.txt</ob_url>
	<disclaimer_url>http://weather.gov/disclaimer.html</disclaimer_url>
	<copyright_url>http://weather.gov/disclaimer.html</copyright_url>
	<privacy_policy_url>http://weather.gov/notice.html</privacy_policy_url>
</current_observation>
