<?xml version="1.0" encoding="ISO-8859-1"?> 
<?xml-stylesheet href="latest_ob.xsl" type="text/xsl"?>
<current_observation version="1.0"
	 xmlns:xsd="http://www.w3.org/2001/XMLSchema"
	 xmlns:xsi="http://www.w3.org/2001/XMLSchema-instance"
	 xsi:noNamespaceSchemaLocation="http://www.weather.gov/view/current_observation.xsd">
	<credit>NOAA's National Weather Service</credit>
	<credit_URL>http://weather.gov/</credit_URL>
	<image>
		<url>http://weather.gov/images/xml_logo.gif</url>
		<title>NOAA's National Weather Service</title>
		<link>http://weather.gov</link>
	</image>
	<suggested_pickup>15 minutes after the hour</suggested_pickup>
	<suggested_pickup_period>60</suggested_pickup_period>
	<location>Gaines County Airport, TX</location>
	<station_id>KGNC</station_id>
	<latitude>32.667</latitude>
	<longitude>-102.65</longitude>
	<observation_time>Last Updated on Mar 8 2011, 8:55 pm CST</observation_time>
        <observation_time_rfc822>Tue, 08 Mar 2011 20:55:00 -0600</observation_time_rfc822>
	<weather>Fair</weather>
	<temperature_string>50.0 F (10.2 C)</temperature_string>
	<temp_f>50.0</temp_f>
	<temp_c>10.2</temp_c>
	<relative_humidity>22</relative_humidity>
	<wind_string>Northwest at 6.9 MPH (6 KT)</wind_string>
	<wind_dir>Northwest</wind_dir>
	<wind_degrees>320</wind_degrees>
	<wind_mph>6.9</wind_mph>
	<wind_kt>6</wind_kt>
	<pressure_in>29.94</pressure_in>
	<dewpoint_string>12.6 F (-10.8 C)</dewpoint_string>
	<dewpoint_f>12.6</dewpoint_f>
	<dewpoint_c>-10.8</dewpoint_c>
	<windchill_string>47 F (8 C)</windchill_string>
      	<windchill_f>47</windchill_f>
      	<windchill_c>8</windchill_c>
	<visibility_mi>10.00</visibility_mi>
 	<icon_url_base>http://weather.gov/weather/images/fcicons/</icon_url_base>
	<two_day_history_url>http://www.weather.gov/data/obhistory/KGNC.html</two_day_history_url>
	<icon_url_name>nskc.jpg</icon_url_name>
	<ob_url>http://www.nws.noaa.gov/data/METAR/KGNC.1.txt</ob_url>
	<disclaimer_url>http://weather.gov/disclaimer.html</disclaimer_url>
	<copyright_url>http://weather.gov/disclaimer.html</copyright_url>
	<privacy_policy_url>http://weather.gov/notice.html</privacy_policy_url>
</current_observation>
