<?xml version="1.0" encoding="ISO-8859-1"?> 
<?xml-stylesheet href="latest_ob.xsl" type="text/xsl"?>
<current_observation version="1.0"
	 xmlns:xsd="http://www.w3.org/2001/XMLSchema"
	 xmlns:xsi="http://www.w3.org/2001/XMLSchema-instance"
	 xsi:noNamespaceSchemaLocation="http://www.weather.gov/view/current_observation.xsd">
	<credit>NOAA's National Weather Service</credit>
	<credit_URL>http://weather.gov/</credit_URL>
	<image>
		<url>http://weather.gov/images/xml_logo.gif</url>
		<title>NOAA's National Weather Service</title>
		<link>http://weather.gov</link>
	</image>
	<suggested_pickup>15 minutes after the hour</suggested_pickup>
	<suggested_pickup_period>60</suggested_pickup_period>
	<location>Huntsville International / Jones Field, AL</location>
	<station_id>KHSV</station_id>
	<latitude>34.66</latitude>
	<longitude>-86.77</longitude>
	<observation_time>Last Updated on Mar 8 2011, 8:53 pm CST</observation_time>
        <observation_time_rfc822>Tue, 08 Mar 2011 20:53:00 -0600</observation_time_rfc822>
	<weather>Light Rain</weather>
	<temperature_string>50.0 F (10.0 C)</temperature_string>
	<temp_f>50.0</temp_f>
	<temp_c>10.0</temp_c>
	<relative_humidity>86</relative_humidity>
	<wind_string>from the Southeast at 18.4 gusting to 27.6 MPH (16 gusting to 24 KT)</wind_string>
	<wind_dir>Southeast</wind_dir>
	<wind_degrees>120</wind_degrees>
	<wind_mph>18.4</wind_mph>
	<wind_gust_mph>27.6</wind_gust_mph>
	<wind_kt>16</wind_kt>
	<wind_gust_kt>24</wind_gust_kt>
	<pressure_string>1016.4 mb</pressure_string>
	<pressure_mb>1016.4</pressure_mb>
	<pressure_in>30.02</pressure_in>
	<dewpoint_string>46.0 F (7.8 C)</dewpoint_string>
	<dewpoint_f>46.0</dewpoint_f>
	<dewpoint_c>7.8</dewpoint_c>
	<windchill_string>44 F (7 C)</windchill_string>
      	<windchill_f>44</windchill_f>
      	<windchill_c>7</windchill_c>
	<visibility_mi>10.00</visibility_mi>
 	<icon_url_base>http://weather.gov/weather/images/fcicons/</icon_url_base>
	<two_day_history_url>http://www.weather.gov/data/obhistory/KHSV.html</two_day_history_url>
	<icon_url_name>ra1.jpg</icon_url_name>
	<ob_url>http://www.nws.noaa.gov/data/METAR/KHSV.1.txt</ob_url>
	<disclaimer_url>http://weather.gov/disclaimer.html</disclaimer_url>
	<copyright_url>http://weather.gov/disclaimer.html</copyright_url>
	<privacy_policy_url>http://weather.gov/notice.html</privacy_policy_url>
</current_observation>
