<?xml version="1.0" encoding="ISO-8859-1"?> 
<?xml-stylesheet href="latest_ob.xsl" type="text/xsl"?>
<current_observation version="1.0"
	 xmlns:xsd="http://www.w3.org/2001/XMLSchema"
	 xmlns:xsi="http://www.w3.org/2001/XMLSchema-instance"
	 xsi:noNamespaceSchemaLocation="http://www.weather.gov/view/current_observation.xsd">
	<credit>NOAA's National Weather Service</credit>
	<credit_URL>http://weather.gov/</credit_URL>
	<image>
		<url>http://weather.gov/images/xml_logo.gif</url>
		<title>NOAA's National Weather Service</title>
		<link>http://weather.gov</link>
	</image>
	<suggested_pickup>15 minutes after the hour</suggested_pickup>
	<suggested_pickup_period>60</suggested_pickup_period>
	<location>Houma-Terrebonne, LA</location>
	<station_id>KHUM</station_id>
	<latitude>29.57</latitude>
	<longitude>-90.67</longitude>
	<observation_time>Last Updated on Mar 8 2011, 7:20 pm CST</observation_time>
        <observation_time_rfc822>Tue, 08 Mar 2011 19:20:00 -0600</observation_time_rfc822>
	<weather>Overcast</weather>
	<temperature_string>71.0 F (21.5 C)</temperature_string>
	<temp_f>71.0</temp_f>
	<temp_c>21.5</temp_c>
	<relative_humidity>100</relative_humidity>
	<wind_string>from the Southeast at 18.4 gusting to 25.3 MPH (16 gusting to 22 KT)</wind_string>
	<wind_dir>Southeast</wind_dir>
	<wind_degrees>120</wind_degrees>
	<wind_mph>18.4</wind_mph>
	<wind_gust_mph>25.3</wind_gust_mph>
	<wind_kt>16</wind_kt>
	<wind_gust_kt>22</wind_gust_kt>
	<pressure_in>29.88</pressure_in>
	<dewpoint_string>70.7 F (21.5 C)</dewpoint_string>
	<dewpoint_f>70.7</dewpoint_f>
	<dewpoint_c>21.5</dewpoint_c>
	<visibility_mi>7.00</visibility_mi>
 	<icon_url_base>http://weather.gov/weather/images/fcicons/</icon_url_base>
	<two_day_history_url>http://www.weather.gov/data/obhistory/KHUM.html</two_day_history_url>
	<icon_url_name>novc.jpg</icon_url_name>
	<ob_url>http://www.nws.noaa.gov/data/METAR/KHUM.1.txt</ob_url>
	<disclaimer_url>http://weather.gov/disclaimer.html</disclaimer_url>
	<copyright_url>http://weather.gov/disclaimer.html</copyright_url>
	<privacy_policy_url>http://weather.gov/notice.html</privacy_policy_url>
</current_observation>
