<?xml version="1.0" encoding="ISO-8859-1"?> 
<?xml-stylesheet href="latest_ob.xsl" type="text/xsl"?>
<current_observation version="1.0"
	 xmlns:xsd="http://www.w3.org/2001/XMLSchema"
	 xmlns:xsi="http://www.w3.org/2001/XMLSchema-instance"
	 xsi:noNamespaceSchemaLocation="http://www.weather.gov/view/current_observation.xsd">
	<credit>NOAA's National Weather Service</credit>
	<credit_URL>http://weather.gov/</credit_URL>
	<image>
		<url>http://weather.gov/images/xml_logo.gif</url>
		<title>NOAA's National Weather Service</title>
		<link>http://weather.gov</link>
	</image>
	<suggested_pickup>15 minutes after the hour</suggested_pickup>
	<suggested_pickup_period>60</suggested_pickup_period>
	<location>Inyokern, CA</location>
	<station_id>KIYK</station_id>
	<latitude>35.66</latitude>
	<longitude>-117.83</longitude>
	<observation_time>Last Updated on Mar 8 2011, 6:45 pm PST</observation_time>
        <observation_time_rfc822>Tue, 08 Mar 2011 18:45:00 -0800</observation_time_rfc822>
	<weather>Clear</weather>
	<temperature_string>59.0 F (15.0 C)</temperature_string>
	<temp_f>59.0</temp_f>
	<temp_c>15.0</temp_c>
	<wind_string>Southwest at 6.9 MPH (6 KT)</wind_string>
	<wind_dir>Southwest</wind_dir>
	<wind_degrees>210</wind_degrees>
	<wind_mph>6.9</wind_mph>
	<wind_kt>6</wind_kt>
	<pressure_in>30.15</pressure_in>
	<windchill_string>58 F (14 C)</windchill_string>
      	<windchill_f>58</windchill_f>
      	<windchill_c>14</windchill_c>
	<visibility_mi>20.00</visibility_mi>
 	<icon_url_base>http://weather.gov/weather/images/fcicons/</icon_url_base>
	<two_day_history_url>http://www.weather.gov/data/obhistory/KIYK.html</two_day_history_url>
	<icon_url_name>skc.jpg</icon_url_name>
	<ob_url>http://www.nws.noaa.gov/data/METAR/KIYK.1.txt</ob_url>
	<disclaimer_url>http://weather.gov/disclaimer.html</disclaimer_url>
	<copyright_url>http://weather.gov/disclaimer.html</copyright_url>
	<privacy_policy_url>http://weather.gov/notice.html</privacy_policy_url>
</current_observation>
