<?xml version="1.0" encoding="ISO-8859-1"?> 
<?xml-stylesheet href="latest_ob.xsl" type="text/xsl"?>
<current_observation version="1.0"
	 xmlns:xsd="http://www.w3.org/2001/XMLSchema"
	 xmlns:xsi="http://www.w3.org/2001/XMLSchema-instance"
	 xsi:noNamespaceSchemaLocation="http://www.weather.gov/view/current_observation.xsd">
	<credit>NOAA's National Weather Service</credit>
	<credit_URL>http://weather.gov/</credit_URL>
	<image>
		<url>http://weather.gov/images/xml_logo.gif</url>
		<title>NOAA's National Weather Service</title>
		<link>http://weather.gov</link>
	</image>
	<suggested_pickup>15 minutes after the hour</suggested_pickup>
	<suggested_pickup_period>60</suggested_pickup_period>
	<location>Jefferson City Memorial Airport, MO</location>
	<station_id>KJEF</station_id>
	<latitude>38.59</latitude>
	<longitude>-92.16</longitude>
	<observation_time>Last Updated on Mar 8 2011, 8:53 pm CST</observation_time>
        <observation_time_rfc822>Tue, 08 Mar 2011 20:53:00 -0600</observation_time_rfc822>
	<weather>Light Rain Fog/Mist</weather>
	<temperature_string>46.0 F (7.8 C)</temperature_string>
	<temp_f>46.0</temp_f>
	<temp_c>7.8</temp_c>
	<relative_humidity>93</relative_humidity>
	<wind_string>South at 3.5 MPH (3 KT)</wind_string>
	<wind_dir>South</wind_dir>
	<wind_degrees>160</wind_degrees>
	<wind_mph>3.5</wind_mph>
	<wind_kt>3</wind_kt>
	<pressure_string>1009.0 mb</pressure_string>
	<pressure_mb>1009.0</pressure_mb>
	<pressure_in>29.82</pressure_in>
	<dewpoint_string>44.1 F (6.7 C)</dewpoint_string>
	<dewpoint_f>44.1</dewpoint_f>
	<dewpoint_c>6.7</dewpoint_c>
	<visibility_mi>2.50</visibility_mi>
 	<icon_url_base>http://weather.gov/weather/images/fcicons/</icon_url_base>
	<two_day_history_url>http://www.weather.gov/data/obhistory/KJEF.html</two_day_history_url>
	<icon_url_name>ra1.jpg</icon_url_name>
	<ob_url>http://www.nws.noaa.gov/data/METAR/KJEF.1.txt</ob_url>
	<disclaimer_url>http://weather.gov/disclaimer.html</disclaimer_url>
	<copyright_url>http://weather.gov/disclaimer.html</copyright_url>
	<privacy_policy_url>http://weather.gov/notice.html</privacy_policy_url>
</current_observation>
