<?xml version="1.0" encoding="ISO-8859-1"?> 
<?xml-stylesheet href="latest_ob.xsl" type="text/xsl"?>
<current_observation version="1.0"
	 xmlns:xsd="http://www.w3.org/2001/XMLSchema"
	 xmlns:xsi="http://www.w3.org/2001/XMLSchema-instance"
	 xsi:noNamespaceSchemaLocation="http://www.weather.gov/view/current_observation.xsd">
	<credit>NOAA's National Weather Service</credit>
	<credit_URL>http://weather.gov/</credit_URL>
	<image>
		<url>http://weather.gov/images/xml_logo.gif</url>
		<title>NOAA's National Weather Service</title>
		<link>http://weather.gov</link>
	</image>
	<suggested_pickup>15 minutes after the hour</suggested_pickup>
	<suggested_pickup_period>60</suggested_pickup_period>
	<location>Joplin Regional Airport, MO</location>
	<station_id>KJLN</station_id>
	<latitude>37.18</latitude>
	<longitude>-94.5</longitude>
	<observation_time>Last Updated on Mar 8 2011, 8:53 pm CST</observation_time>
        <observation_time_rfc822>Tue, 08 Mar 2011 20:53:00 -0600</observation_time_rfc822>
	<weather>Fog/Mist</weather>
	<temperature_string>45.0 F (7.2 C)</temperature_string>
	<temp_f>45.0</temp_f>
	<temp_c>7.2</temp_c>
	<relative_humidity>100</relative_humidity>
	<wind_string>Northwest at 6.9 MPH (6 KT)</wind_string>
	<wind_dir>Northwest</wind_dir>
	<wind_degrees>320</wind_degrees>
	<wind_mph>6.9</wind_mph>
	<wind_kt>6</wind_kt>
	<pressure_string>1009.9 mb</pressure_string>
	<pressure_mb>1009.9</pressure_mb>
	<pressure_in>29.82</pressure_in>
	<dewpoint_string>45.0 F (7.2 C)</dewpoint_string>
	<dewpoint_f>45.0</dewpoint_f>
	<dewpoint_c>7.2</dewpoint_c>
	<windchill_string>41 F (5 C)</windchill_string>
      	<windchill_f>41</windchill_f>
      	<windchill_c>5</windchill_c>
	<visibility_mi>2.00</visibility_mi>
 	<icon_url_base>http://weather.gov/weather/images/fcicons/</icon_url_base>
	<two_day_history_url>http://www.weather.gov/data/obhistory/KJLN.html</two_day_history_url>
	<icon_url_name>nfg.jpg</icon_url_name>
	<ob_url>http://www.nws.noaa.gov/data/METAR/KJLN.1.txt</ob_url>
	<disclaimer_url>http://weather.gov/disclaimer.html</disclaimer_url>
	<copyright_url>http://weather.gov/disclaimer.html</copyright_url>
	<privacy_policy_url>http://weather.gov/notice.html</privacy_policy_url>
</current_observation>
