<?xml version="1.0" encoding="ISO-8859-1"?> 
<?xml-stylesheet href="latest_ob.xsl" type="text/xsl"?>
<current_observation version="1.0"
	 xmlns:xsd="http://www.w3.org/2001/XMLSchema"
	 xmlns:xsi="http://www.w3.org/2001/XMLSchema-instance"
	 xsi:noNamespaceSchemaLocation="http://www.weather.gov/view/current_observation.xsd">
	<credit>NOAA's National Weather Service</credit>
	<credit_URL>http://weather.gov/</credit_URL>
	<image>
		<url>http://weather.gov/images/xml_logo.gif</url>
		<title>NOAA's National Weather Service</title>
		<link>http://weather.gov</link>
	</image>
	<suggested_pickup>15 minutes after the hour</suggested_pickup>
	<suggested_pickup_period>60</suggested_pickup_period>
	<location>Lawton-Fort Sill Regional Airport, OK</location>
	<station_id>KLAW</station_id>
	<latitude>34.57</latitude>
	<longitude>-98.42</longitude>
	<observation_time>Last Updated on Mar 8 2011, 8:53 pm CST</observation_time>
        <observation_time_rfc822>Tue, 08 Mar 2011 20:53:00 -0600</observation_time_rfc822>
	<weather>Fair</weather>
	<temperature_string>46.0 F (7.8 C)</temperature_string>
	<temp_f>46.0</temp_f>
	<temp_c>7.8</temp_c>
	<relative_humidity>79</relative_humidity>
	<wind_string>from the Northwest at 11.5 gusting to 19.6 MPH (10 gusting to 17 KT)</wind_string>
	<wind_dir>Northwest</wind_dir>
	<wind_degrees>330</wind_degrees>
	<wind_mph>11.5</wind_mph>
	<wind_gust_mph>19.6</wind_gust_mph>
	<wind_kt>10</wind_kt>
	<wind_gust_kt>17</wind_gust_kt>
	<pressure_string>1012.8 mb</pressure_string>
	<pressure_mb>1012.8</pressure_mb>
	<pressure_in>29.91</pressure_in>
	<dewpoint_string>39.9 F (4.4 C)</dewpoint_string>
	<dewpoint_f>39.9</dewpoint_f>
	<dewpoint_c>4.4</dewpoint_c>
	<windchill_string>41 F (5 C)</windchill_string>
      	<windchill_f>41</windchill_f>
      	<windchill_c>5</windchill_c>
	<visibility_mi>10.00</visibility_mi>
 	<icon_url_base>http://weather.gov/weather/images/fcicons/</icon_url_base>
	<two_day_history_url>http://www.weather.gov/data/obhistory/KLAW.html</two_day_history_url>
	<icon_url_name>nskc.jpg</icon_url_name>
	<ob_url>http://www.nws.noaa.gov/data/METAR/KLAW.1.txt</ob_url>
	<disclaimer_url>http://weather.gov/disclaimer.html</disclaimer_url>
	<copyright_url>http://weather.gov/disclaimer.html</copyright_url>
	<privacy_policy_url>http://weather.gov/notice.html</privacy_policy_url>
</current_observation>
