<?xml version="1.0" encoding="ISO-8859-1"?> 
<?xml-stylesheet href="latest_ob.xsl" type="text/xsl"?>
<current_observation version="1.0"
	 xmlns:xsd="http://www.w3.org/2001/XMLSchema"
	 xmlns:xsi="http://www.w3.org/2001/XMLSchema-instance"
	 xsi:noNamespaceSchemaLocation="http://www.weather.gov/view/current_observation.xsd">
	<credit>NOAA's National Weather Service</credit>
	<credit_URL>http://weather.gov/</credit_URL>
	<image>
		<url>http://weather.gov/images/xml_logo.gif</url>
		<title>NOAA's National Weather Service</title>
		<link>http://weather.gov</link>
	</image>
	<suggested_pickup>15 minutes after the hour</suggested_pickup>
	<suggested_pickup_period>60</suggested_pickup_period>
	<location>Lafayette Regional Airport, LA</location>
	<station_id>KLFT</station_id>
	<latitude>30.2</latitude>
	<longitude>-92</longitude>
	<observation_time>Last Updated on Mar 8 2011, 8:53 pm CST</observation_time>
        <observation_time_rfc822>Tue, 08 Mar 2011 20:53:00 -0600</observation_time_rfc822>
	<weather>Overcast</weather>
	<temperature_string>73.0 F (22.8 C)</temperature_string>
	<temp_f>73.0</temp_f>
	<temp_c>22.8</temp_c>
	<relative_humidity>81</relative_humidity>
	<wind_string>from the South at 16.1 gusting to 26.5 MPH (14 gusting to 23 KT)</wind_string>
	<wind_dir>South</wind_dir>
	<wind_degrees>190</wind_degrees>
	<wind_mph>16.1</wind_mph>
	<wind_gust_mph>26.5</wind_gust_mph>
	<wind_kt>14</wind_kt>
	<wind_gust_kt>23</wind_gust_kt>
	<pressure_string>1010.8 mb</pressure_string>
	<pressure_mb>1010.8</pressure_mb>
	<pressure_in>29.85</pressure_in>
	<dewpoint_string>66.9 F (19.4 C)</dewpoint_string>
	<dewpoint_f>66.9</dewpoint_f>
	<dewpoint_c>19.4</dewpoint_c>
	<visibility_mi>9.00</visibility_mi>
 	<icon_url_base>http://weather.gov/weather/images/fcicons/</icon_url_base>
	<two_day_history_url>http://www.weather.gov/data/obhistory/KLFT.html</two_day_history_url>
	<icon_url_name>novc.jpg</icon_url_name>
	<ob_url>http://www.nws.noaa.gov/data/METAR/KLFT.1.txt</ob_url>
	<disclaimer_url>http://weather.gov/disclaimer.html</disclaimer_url>
	<copyright_url>http://weather.gov/disclaimer.html</copyright_url>
	<privacy_policy_url>http://weather.gov/notice.html</privacy_policy_url>
</current_observation>
