<?xml version="1.0" encoding="ISO-8859-1"?> 
<?xml-stylesheet href="latest_ob.xsl" type="text/xsl"?>
<current_observation version="1.0"
	 xmlns:xsd="http://www.w3.org/2001/XMLSchema"
	 xmlns:xsi="http://www.w3.org/2001/XMLSchema-instance"
	 xsi:noNamespaceSchemaLocation="http://www.weather.gov/view/current_observation.xsd">
	<credit>NOAA's National Weather Service</credit>
	<credit_URL>http://weather.gov/</credit_URL>
	<image>
		<url>http://weather.gov/images/xml_logo.gif</url>
		<title>NOAA's National Weather Service</title>
		<link>http://weather.gov</link>
	</image>
	<suggested_pickup>15 minutes after the hour</suggested_pickup>
	<suggested_pickup_period>60</suggested_pickup_period>
	<location>Chicago/Romeoville, Lewis University Airport, IL</location>
	<station_id>KLOT</station_id>
	<latitude>41.61</latitude>
	<longitude>-88.1</longitude>
	<observation_time>Last Updated on Mar 8 2011, 8:42 pm CST</observation_time>
        <observation_time_rfc822>Tue, 08 Mar 2011 20:42:00 -0600</observation_time_rfc822>
	<temperature_string>40.0 F (4.2 C)</temperature_string>
	<temp_f>40.0</temp_f>
	<temp_c>4.2</temp_c>
	<relative_humidity>76</relative_humidity>
	<wind_string>East at 6.9 MPH (6 KT)</wind_string>
	<wind_dir>East</wind_dir>
	<wind_degrees>70</wind_degrees>
	<wind_mph>6.9</wind_mph>
	<wind_kt>6</wind_kt>
	<pressure_in>30.04</pressure_in>
	<dewpoint_string>32.5 F (0.3 C)</dewpoint_string>
	<dewpoint_f>32.5</dewpoint_f>
	<dewpoint_c>0.3</dewpoint_c>
	<windchill_string>35 F (2 C)</windchill_string>
      	<windchill_f>35</windchill_f>
      	<windchill_c>2</windchill_c>
	<visibility_mi>10.00</visibility_mi>
	<two_day_history_url>http://www.weather.gov/data/obhistory/KLOT.html</two_day_history_url>
	<ob_url>http://www.nws.noaa.gov/data/METAR/KLOT.1.txt</ob_url>
	<disclaimer_url>http://weather.gov/disclaimer.html</disclaimer_url>
	<copyright_url>http://weather.gov/disclaimer.html</copyright_url>
	<privacy_policy_url>http://weather.gov/notice.html</privacy_policy_url>
</current_observation>
