<?xml version="1.0" encoding="ISO-8859-1"?> 
<?xml-stylesheet href="latest_ob.xsl" type="text/xsl"?>
<current_observation version="1.0"
	 xmlns:xsd="http://www.w3.org/2001/XMLSchema"
	 xmlns:xsi="http://www.w3.org/2001/XMLSchema-instance"
	 xsi:noNamespaceSchemaLocation="http://www.weather.gov/view/current_observation.xsd">
	<credit>NOAA's National Weather Service</credit>
	<credit_URL>http://weather.gov/</credit_URL>
	<image>
		<url>http://weather.gov/images/xml_logo.gif</url>
		<title>NOAA's National Weather Service</title>
		<link>http://weather.gov</link>
	</image>
	<suggested_pickup>15 minutes after the hour</suggested_pickup>
	<suggested_pickup_period>60</suggested_pickup_period>
	<location>Unknown Station</location>
	<station_id>KLUX</station_id>
	<observation_time>Last Updated on Mar 8 2011, 8:55 pm CST</observation_time>
        <observation_time_rfc822>Tue, 08 Mar 2011 20:55:00 -0600</observation_time_rfc822>
	<weather>Overcast</weather>
	<temperature_string>52.0 F (11.0 C)</temperature_string>
	<temp_f>52.0</temp_f>
	<temp_c>11.0</temp_c>
	<relative_humidity>50</relative_humidity>
	<wind_string>Northeast at 6.9 MPH (6 KT)</wind_string>
	<wind_dir>Northeast</wind_dir>
	<wind_degrees>60</wind_degrees>
	<wind_mph>6.9</wind_mph>
	<wind_kt>6</wind_kt>
	<pressure_in>30.33</pressure_in>
	<dewpoint_string>33.8 F (1.0 C)</dewpoint_string>
	<dewpoint_f>33.8</dewpoint_f>
	<dewpoint_c>1.0</dewpoint_c>
	<windchill_string>50 F (10 C)</windchill_string>
      	<windchill_f>50</windchill_f>
      	<windchill_c>10</windchill_c>
	<visibility_mi>10.00</visibility_mi>
 	<icon_url_base>http://weather.gov/weather/images/fcicons/</icon_url_base>
	<two_day_history_url>http://www.weather.gov/data/obhistory/KLUX.html</two_day_history_url>
	<icon_url_name>novc.jpg</icon_url_name>
	<ob_url>http://www.nws.noaa.gov/data/METAR/KLUX.1.txt</ob_url>
	<disclaimer_url>http://weather.gov/disclaimer.html</disclaimer_url>
	<copyright_url>http://weather.gov/disclaimer.html</copyright_url>
	<privacy_policy_url>http://weather.gov/notice.html</privacy_policy_url>
</current_observation>
