<?xml version="1.0" encoding="ISO-8859-1"?> 
<?xml-stylesheet href="latest_ob.xsl" type="text/xsl"?>
<current_observation version="1.0"
	 xmlns:xsd="http://www.w3.org/2001/XMLSchema"
	 xmlns:xsi="http://www.w3.org/2001/XMLSchema-instance"
	 xsi:noNamespaceSchemaLocation="http://www.weather.gov/view/current_observation.xsd">
	<credit>NOAA's National Weather Service</credit>
	<credit_URL>http://weather.gov/</credit_URL>
	<image>
		<url>http://weather.gov/images/xml_logo.gif</url>
		<title>NOAA's National Weather Service</title>
		<link>http://weather.gov</link>
	</image>
	<suggested_pickup>15 minutes after the hour</suggested_pickup>
	<suggested_pickup_period>60</suggested_pickup_period>
	<location>Marietta / Dobbins Air Force Base, GA</location>
	<station_id>KMGE</station_id>
	<latitude>33.93</latitude>
	<longitude>-84.52</longitude>
	<observation_time>Last Updated on Mar 8 2011, 9:55 pm EST</observation_time>
        <observation_time_rfc822>Tue, 08 Mar 2011 21:55:00 -0500</observation_time_rfc822>
	<weather>Overcast</weather>
	<temperature_string>55.0 F (12.5 C)</temperature_string>
	<temp_f>55.0</temp_f>
	<temp_c>12.5</temp_c>
	<relative_humidity>54</relative_humidity>
	<wind_string>from the East at 10.4 gusting to 19.6 MPH (9 gusting to 17 KT)</wind_string>
	<wind_dir>East</wind_dir>
	<wind_degrees>80</wind_degrees>
	<wind_mph>10.4</wind_mph>
	<wind_gust_mph>19.6</wind_gust_mph>
	<wind_kt>9</wind_kt>
	<wind_gust_kt>17</wind_gust_kt>
	<pressure_string>1022.7 mb</pressure_string>
	<pressure_mb>1022.7</pressure_mb>
	<pressure_in>30.20</pressure_in>
	<dewpoint_string>37.9 F (3.3 C)</dewpoint_string>
	<dewpoint_f>37.9</dewpoint_f>
	<dewpoint_c>3.3</dewpoint_c>
	<windchill_string>52 F (11 C)</windchill_string>
      	<windchill_f>52</windchill_f>
      	<windchill_c>11</windchill_c>
	<visibility_mi>10.00</visibility_mi>
 	<icon_url_base>http://weather.gov/weather/images/fcicons/</icon_url_base>
	<two_day_history_url>http://www.weather.gov/data/obhistory/KMGE.html</two_day_history_url>
	<icon_url_name>novc.jpg</icon_url_name>
	<ob_url>http://www.nws.noaa.gov/data/METAR/KMGE.1.txt</ob_url>
	<disclaimer_url>http://weather.gov/disclaimer.html</disclaimer_url>
	<copyright_url>http://weather.gov/disclaimer.html</copyright_url>
	<privacy_policy_url>http://weather.gov/notice.html</privacy_policy_url>
</current_observation>
