<?xml version="1.0" encoding="ISO-8859-1"?> 
<?xml-stylesheet href="latest_ob.xsl" type="text/xsl"?>
<current_observation version="1.0"
	 xmlns:xsd="http://www.w3.org/2001/XMLSchema"
	 xmlns:xsi="http://www.w3.org/2001/XMLSchema-instance"
	 xsi:noNamespaceSchemaLocation="http://www.weather.gov/view/current_observation.xsd">
	<credit>NOAA's National Weather Service</credit>
	<credit_URL>http://weather.gov/</credit_URL>
	<image>
		<url>http://weather.gov/images/xml_logo.gif</url>
		<title>NOAA's National Weather Service</title>
		<link>http://weather.gov</link>
	</image>
	<suggested_pickup>15 minutes after the hour</suggested_pickup>
	<suggested_pickup_period>60</suggested_pickup_period>
	<location>Jackson, McKellar-Sipes Regional Airport, TN</location>
	<station_id>KMKL</station_id>
	<latitude>35.61</latitude>
	<longitude>-88.92</longitude>
	<observation_time>Last Updated on Mar 8 2011, 8:53 pm CST</observation_time>
        <observation_time_rfc822>Tue, 08 Mar 2011 20:53:00 -0600</observation_time_rfc822>
	<weather>Light Rain</weather>
	<temperature_string>52.0 F (11.1 C)</temperature_string>
	<temp_f>52.0</temp_f>
	<temp_c>11.1</temp_c>
	<relative_humidity>89</relative_humidity>
	<wind_string>from the South at 12.7 gusting to 25.3 MPH (11 gusting to 22 KT)</wind_string>
	<wind_dir>South</wind_dir>
	<wind_degrees>160</wind_degrees>
	<wind_mph>12.7</wind_mph>
	<wind_gust_mph>25.3</wind_gust_mph>
	<wind_kt>11</wind_kt>
	<wind_gust_kt>22</wind_gust_kt>
	<pressure_string>1011.0 mb</pressure_string>
	<pressure_mb>1011.0</pressure_mb>
	<pressure_in>29.86</pressure_in>
	<dewpoint_string>48.9 F (9.4 C)</dewpoint_string>
	<dewpoint_f>48.9</dewpoint_f>
	<dewpoint_c>9.4</dewpoint_c>
	<windchill_string>48 F (9 C)</windchill_string>
      	<windchill_f>48</windchill_f>
      	<windchill_c>9</windchill_c>
	<visibility_mi>10.00</visibility_mi>
 	<icon_url_base>http://weather.gov/weather/images/fcicons/</icon_url_base>
	<two_day_history_url>http://www.weather.gov/data/obhistory/KMKL.html</two_day_history_url>
	<icon_url_name>ra1.jpg</icon_url_name>
	<ob_url>http://www.nws.noaa.gov/data/METAR/KMKL.1.txt</ob_url>
	<disclaimer_url>http://weather.gov/disclaimer.html</disclaimer_url>
	<copyright_url>http://weather.gov/disclaimer.html</copyright_url>
	<privacy_policy_url>http://weather.gov/notice.html</privacy_policy_url>
</current_observation>
