<?xml version="1.0" encoding="ISO-8859-1"?> 
<?xml-stylesheet href="latest_ob.xsl" type="text/xsl"?>
<current_observation version="1.0"
	 xmlns:xsd="http://www.w3.org/2001/XMLSchema"
	 xmlns:xsi="http://www.w3.org/2001/XMLSchema-instance"
	 xsi:noNamespaceSchemaLocation="http://www.weather.gov/view/current_observation.xsd">
	<credit>NOAA's National Weather Service</credit>
	<credit_URL>http://weather.gov/</credit_URL>
	<image>
		<url>http://weather.gov/images/xml_logo.gif</url>
		<title>NOAA's National Weather Service</title>
		<link>http://weather.gov</link>
	</image>
	<suggested_pickup>15 minutes after the hour</suggested_pickup>
	<suggested_pickup_period>60</suggested_pickup_period>
	<location>McEntire Air National Guard Weather Facility Base, SC</location>
	<station_id>KMMT</station_id>
	<latitude>33.93</latitude>
	<longitude>-80.8</longitude>
	<observation_time>Last Updated on Mar 8 2011, 9:55 pm EST</observation_time>
        <observation_time_rfc822>Tue, 08 Mar 2011 21:55:00 -0500</observation_time_rfc822>
	<weather>Overcast</weather>
	<temperature_string>55.0 F (12.7 C)</temperature_string>
	<temp_f>55.0</temp_f>
	<temp_c>12.7</temp_c>
	<relative_humidity>62</relative_humidity>
	<wind_string>East at 6.9 MPH (6 KT)</wind_string>
	<wind_dir>East</wind_dir>
	<wind_degrees>110</wind_degrees>
	<wind_mph>6.9</wind_mph>
	<wind_kt>6</wind_kt>
	<pressure_string>1027.3 mb</pressure_string>
	<pressure_mb>1027.3</pressure_mb>
	<pressure_in>30.34</pressure_in>
	<dewpoint_string>41.9 F (5.5 C)</dewpoint_string>
	<dewpoint_f>41.9</dewpoint_f>
	<dewpoint_c>5.5</dewpoint_c>
	<windchill_string>53 F (12 C)</windchill_string>
      	<windchill_f>53</windchill_f>
      	<windchill_c>12</windchill_c>
	<visibility_mi>10.00</visibility_mi>
 	<icon_url_base>http://weather.gov/weather/images/fcicons/</icon_url_base>
	<two_day_history_url>http://www.weather.gov/data/obhistory/KMMT.html</two_day_history_url>
	<icon_url_name>novc.jpg</icon_url_name>
	<ob_url>http://www.nws.noaa.gov/data/METAR/KMMT.1.txt</ob_url>
	<disclaimer_url>http://weather.gov/disclaimer.html</disclaimer_url>
	<copyright_url>http://weather.gov/disclaimer.html</copyright_url>
	<privacy_policy_url>http://weather.gov/notice.html</privacy_policy_url>
</current_observation>
