<?xml version="1.0" encoding="ISO-8859-1"?> 
<?xml-stylesheet href="latest_ob.xsl" type="text/xsl"?>
<current_observation version="1.0"
	 xmlns:xsd="http://www.w3.org/2001/XMLSchema"
	 xmlns:xsi="http://www.w3.org/2001/XMLSchema-instance"
	 xsi:noNamespaceSchemaLocation="http://www.weather.gov/view/current_observation.xsd">
	<credit>NOAA's National Weather Service</credit>
	<credit_URL>http://weather.gov/</credit_URL>
	<image>
		<url>http://weather.gov/images/xml_logo.gif</url>
		<title>NOAA's National Weather Service</title>
		<link>http://weather.gov</link>
	</image>
	<suggested_pickup>15 minutes after the hour</suggested_pickup>
	<suggested_pickup_period>60</suggested_pickup_period>
	<location>San Nicolas Island, CA</location>
	<station_id>KNSI</station_id>
	<latitude>33.26</latitude>
	<longitude>-119.45</longitude>
	<observation_time>Last Updated on Mar 8 2011, 6:53 pm PST</observation_time>
        <observation_time_rfc822>Tue, 08 Mar 2011 18:53:00 -0800</observation_time_rfc822>
	<weather>Fair</weather>
	<temperature_string>52.0 F (11.1 C)</temperature_string>
	<temp_f>52.0</temp_f>
	<temp_c>11.1</temp_c>
	<relative_humidity>80</relative_humidity>
	<wind_string>West at 12.7 MPH (11 KT)</wind_string>
	<wind_dir>West</wind_dir>
	<wind_degrees>290</wind_degrees>
	<wind_mph>12.7</wind_mph>
	<wind_kt>11</wind_kt>
	<pressure_string>1019.9 mb</pressure_string>
	<pressure_mb>1019.9</pressure_mb>
	<pressure_in>30.13</pressure_in>
	<dewpoint_string>46.0 F (7.8 C)</dewpoint_string>
	<dewpoint_f>46.0</dewpoint_f>
	<dewpoint_c>7.8</dewpoint_c>
	<windchill_string>48 F (9 C)</windchill_string>
      	<windchill_f>48</windchill_f>
      	<windchill_c>9</windchill_c>
	<visibility_mi>10.00</visibility_mi>
 	<icon_url_base>http://weather.gov/weather/images/fcicons/</icon_url_base>
	<two_day_history_url>http://www.weather.gov/data/obhistory/KNSI.html</two_day_history_url>
	<icon_url_name>skc.jpg</icon_url_name>
	<ob_url>http://www.nws.noaa.gov/data/METAR/KNSI.1.txt</ob_url>
	<disclaimer_url>http://weather.gov/disclaimer.html</disclaimer_url>
	<copyright_url>http://weather.gov/disclaimer.html</copyright_url>
	<privacy_policy_url>http://weather.gov/notice.html</privacy_policy_url>
</current_observation>
