<?xml version="1.0" encoding="ISO-8859-1"?> 
<?xml-stylesheet href="latest_ob.xsl" type="text/xsl"?>
<current_observation version="1.0"
	 xmlns:xsd="http://www.w3.org/2001/XMLSchema"
	 xmlns:xsi="http://www.w3.org/2001/XMLSchema-instance"
	 xsi:noNamespaceSchemaLocation="http://www.weather.gov/view/current_observation.xsd">
	<credit>NOAA's National Weather Service</credit>
	<credit_URL>http://weather.gov/</credit_URL>
	<image>
		<url>http://weather.gov/images/xml_logo.gif</url>
		<title>NOAA's National Weather Service</title>
		<link>http://weather.gov</link>
	</image>
	<suggested_pickup>15 minutes after the hour</suggested_pickup>
	<suggested_pickup_period>60</suggested_pickup_period>
	<location>Omaha, Eppley Airfield, NE</location>
	<station_id>KOMA</station_id>
	<latitude>41.3</latitude>
	<longitude>-95.9</longitude>
	<observation_time>Last Updated on Mar 8 2011, 8:52 pm CST</observation_time>
        <observation_time_rfc822>Tue, 08 Mar 2011 20:52:00 -0600</observation_time_rfc822>
	<weather>Light Rain Snow Fog/Mist</weather>
	<temperature_string>33.0 F (0.6 C)</temperature_string>
	<temp_f>33.0</temp_f>
	<temp_c>0.6</temp_c>
	<relative_humidity>96</relative_humidity>
	<wind_string>North at 10.4 MPH (9 KT)</wind_string>
	<wind_dir>North</wind_dir>
	<wind_degrees>350</wind_degrees>
	<wind_mph>10.4</wind_mph>
	<wind_kt>9</wind_kt>
	<pressure_string>1016.0 mb</pressure_string>
	<pressure_mb>1016.0</pressure_mb>
	<pressure_in>29.98</pressure_in>
	<dewpoint_string>32.0 F (0.0 C)</dewpoint_string>
	<dewpoint_f>32.0</dewpoint_f>
	<dewpoint_c>0.0</dewpoint_c>
	<windchill_string>25 F (-4 C)</windchill_string>
      	<windchill_f>25</windchill_f>
      	<windchill_c>-4</windchill_c>
	<visibility_mi>2.50</visibility_mi>
	<two_day_history_url>http://www.weather.gov/data/obhistory/KOMA.html</two_day_history_url>
	<ob_url>http://www.nws.noaa.gov/data/METAR/KOMA.1.txt</ob_url>
	<disclaimer_url>http://weather.gov/disclaimer.html</disclaimer_url>
	<copyright_url>http://weather.gov/disclaimer.html</copyright_url>
	<privacy_policy_url>http://weather.gov/notice.html</privacy_policy_url>
</current_observation>
