<?xml version="1.0" encoding="ISO-8859-1"?> 
<?xml-stylesheet href="latest_ob.xsl" type="text/xsl"?>
<current_observation version="1.0"
	 xmlns:xsd="http://www.w3.org/2001/XMLSchema"
	 xmlns:xsi="http://www.w3.org/2001/XMLSchema-instance"
	 xsi:noNamespaceSchemaLocation="http://www.weather.gov/view/current_observation.xsd">
	<credit>NOAA's National Weather Service</credit>
	<credit_URL>http://weather.gov/</credit_URL>
	<image>
		<url>http://weather.gov/images/xml_logo.gif</url>
		<title>NOAA's National Weather Service</title>
		<link>http://weather.gov</link>
	</image>
	<suggested_pickup>15 minutes after the hour</suggested_pickup>
	<suggested_pickup_period>60</suggested_pickup_period>
	<location>Miami, Opa Locka Airport, FL</location>
	<station_id>KOPF</station_id>
	<latitude>25.91</latitude>
	<longitude>-80.28</longitude>
	<observation_time>Last Updated on Mar 8 2011, 9:53 pm EST</observation_time>
        <observation_time_rfc822>Tue, 08 Mar 2011 21:53:00 -0500</observation_time_rfc822>
	<weather>Mostly Cloudy</weather>
	<temperature_string>74.0 F (23.3 C)</temperature_string>
	<temp_f>74.0</temp_f>
	<temp_c>23.3</temp_c>
	<relative_humidity>74</relative_humidity>
	<wind_string>East at 10.4 MPH (9 KT)</wind_string>
	<wind_dir>East</wind_dir>
	<wind_degrees>100</wind_degrees>
	<wind_mph>10.4</wind_mph>
	<wind_kt>9</wind_kt>
	<pressure_string>1021.4 mb</pressure_string>
	<pressure_mb>1021.4</pressure_mb>
	<pressure_in>30.16</pressure_in>
	<dewpoint_string>64.9 F (18.3 C)</dewpoint_string>
	<dewpoint_f>64.9</dewpoint_f>
	<dewpoint_c>18.3</dewpoint_c>
	<visibility_mi>10.00</visibility_mi>
 	<icon_url_base>http://weather.gov/weather/images/fcicons/</icon_url_base>
	<two_day_history_url>http://www.weather.gov/data/obhistory/KOPF.html</two_day_history_url>
	<icon_url_name>nbkn.jpg</icon_url_name>
	<ob_url>http://www.nws.noaa.gov/data/METAR/KOPF.1.txt</ob_url>
	<disclaimer_url>http://weather.gov/disclaimer.html</disclaimer_url>
	<copyright_url>http://weather.gov/disclaimer.html</copyright_url>
	<privacy_policy_url>http://weather.gov/notice.html</privacy_policy_url>
</current_observation>
