<?xml version="1.0" encoding="ISO-8859-1"?> 
<?xml-stylesheet href="latest_ob.xsl" type="text/xsl"?>
<current_observation version="1.0"
	 xmlns:xsd="http://www.w3.org/2001/XMLSchema"
	 xmlns:xsi="http://www.w3.org/2001/XMLSchema-instance"
	 xsi:noNamespaceSchemaLocation="http://www.weather.gov/view/current_observation.xsd">
	<credit>NOAA's National Weather Service</credit>
	<credit_URL>http://weather.gov/</credit_URL>
	<image>
		<url>http://weather.gov/images/xml_logo.gif</url>
		<title>NOAA's National Weather Service</title>
		<link>http://weather.gov</link>
	</image>
	<suggested_pickup>15 minutes after the hour</suggested_pickup>
	<suggested_pickup_period>60</suggested_pickup_period>
	<location>Owatonna Automatic Weather Observing / Reporting, MN</location>
	<station_id>KOWA</station_id>
	<latitude>44.12</latitude>
	<longitude>-93.25</longitude>
	<observation_time>Last Updated on Mar 8 2011, 8:54 pm CST</observation_time>
        <observation_time_rfc822>Tue, 08 Mar 2011 20:54:00 -0600</observation_time_rfc822>
	<weather>Light Snow</weather>
	<temperature_string>30.0 F (-1.0 C)</temperature_string>
	<temp_f>30.0</temp_f>
	<temp_c>-1.0</temp_c>
	<relative_humidity>93</relative_humidity>
	<wind_string>Northeast at 10.4 MPH (9 KT)</wind_string>
	<wind_dir>Northeast</wind_dir>
	<wind_degrees>60</wind_degrees>
	<wind_mph>10.4</wind_mph>
	<wind_kt>9</wind_kt>
	<pressure_in>30.09</pressure_in>
	<dewpoint_string>28.4 F (-2.0 C)</dewpoint_string>
	<dewpoint_f>28.4</dewpoint_f>
	<dewpoint_c>-2.0</dewpoint_c>
	<windchill_string>21 F (-6 C)</windchill_string>
      	<windchill_f>21</windchill_f>
      	<windchill_c>-6</windchill_c>
	<visibility_mi>2.50</visibility_mi>
 	<icon_url_base>http://weather.gov/weather/images/fcicons/</icon_url_base>
	<two_day_history_url>http://www.weather.gov/data/obhistory/KOWA.html</two_day_history_url>
	<icon_url_name>nsn.jpg</icon_url_name>
	<ob_url>http://www.nws.noaa.gov/data/METAR/KOWA.1.txt</ob_url>
	<disclaimer_url>http://weather.gov/disclaimer.html</disclaimer_url>
	<copyright_url>http://weather.gov/disclaimer.html</copyright_url>
	<privacy_policy_url>http://weather.gov/notice.html</privacy_policy_url>
</current_observation>
