<?xml version="1.0" encoding="ISO-8859-1"?> 
<?xml-stylesheet href="latest_ob.xsl" type="text/xsl"?>
<current_observation version="1.0"
	 xmlns:xsd="http://www.w3.org/2001/XMLSchema"
	 xmlns:xsi="http://www.w3.org/2001/XMLSchema-instance"
	 xsi:noNamespaceSchemaLocation="http://www.weather.gov/view/current_observation.xsd">
	<credit>NOAA's National Weather Service</credit>
	<credit_URL>http://weather.gov/</credit_URL>
	<image>
		<url>http://weather.gov/images/xml_logo.gif</url>
		<title>NOAA's National Weather Service</title>
		<link>http://weather.gov</link>
	</image>
	<suggested_pickup>15 minutes after the hour</suggested_pickup>
	<suggested_pickup_period>60</suggested_pickup_period>
	<location>Salt Point, LA</location>
	<station_id>KP92</station_id>
	<latitude>29.6</latitude>
	<longitude>-91.3</longitude>
	<observation_time>Last Updated on Mar 8 2011, 8:53 pm CST</observation_time>
        <observation_time_rfc822>Tue, 08 Mar 2011 20:53:00 -0600</observation_time_rfc822>
	<temperature_string>65.0 F (18.3 C)</temperature_string>
	<temp_f>65.0</temp_f>
	<temp_c>18.3</temp_c>
	<relative_humidity>100</relative_humidity>
	<wind_string>Variable at 4.6 MPH (4 KT)</wind_string>
	<wind_dir>Variable</wind_dir>
	<wind_degrees>999</wind_degrees>
	<wind_mph>4.6</wind_mph>
	<wind_kt>4</wind_kt>
	<pressure_string>1012.0 mb</pressure_string>
	<pressure_mb>1012.0</pressure_mb>
	<pressure_in>29.89</pressure_in>
	<dewpoint_string>64.9 F (18.3 C)</dewpoint_string>
	<dewpoint_f>64.9</dewpoint_f>
	<dewpoint_c>18.3</dewpoint_c>
	<two_day_history_url>http://www.weather.gov/data/obhistory/KP92.html</two_day_history_url>
	<ob_url>http://www.nws.noaa.gov/data/METAR/KP92.1.txt</ob_url>
	<disclaimer_url>http://weather.gov/disclaimer.html</disclaimer_url>
	<copyright_url>http://weather.gov/disclaimer.html</copyright_url>
	<privacy_policy_url>http://weather.gov/notice.html</privacy_policy_url>
</current_observation>
