<?xml version="1.0" encoding="ISO-8859-1"?> 
<current_observation version="1.0"
	 xmlns:xsd="http://www.w3.org/2001/XMLSchema"
	 xmlns:xsi="http://www.w3.org/2001/XMLSchema-instance"
	 xsi:noNamespaceSchemaLocation="http://www.weather.gov/xml/current_obs/current_observation.xsd">
	<credit>NOAA's National Weather Service</credit>
	<credit_URL>http://weather.gov/</credit_URL>
	<image>
		<url>http://weather.gov/images/xml_logo.gif</url>
		<title>NOAA's National Weather Service</title>
		<link>http://weather.gov</link>
	</image>
	<suggested_pickup>15 minutes after the hour</suggested_pickup>
	<suggested_pickup_period>60</suggested_pickup_period>
	<location>Pascagoula / Jackson, MS</location>
	<station_id>KPGL</station_id>
        <latitude>30.4</latitude>
        <longitude>-88.483</longitude>
	<observation_time>Last Updated on Jun 4, 9:53 am EDT</observation_time>
	<observation_time_rfc822>Thu,  4 Jun 2009 09:53:00 -0400 EDT</observation_time_rfc822>
        <weather>NA</weather>
        <temperature_string>83 F (28 C)</temperature_string>
        <temp_f>83</temp_f>
        <temp_c>28</temp_c>
        <relative_humidity>NA</relative_humidity>
        <wind_string>NA</wind_string>
        <wind_dir>Southeast</wind_dir>
        <wind_degrees>140</wind_degrees>
        <wind_mph>6.9</wind_mph>
        <wind_gust_mph>NA</wind_gust_mph>
        <pressure_string>NA</pressure_string>
        <pressure_mb>1015.7</pressure_mb>
        <pressure_in>29.99</pressure_in>
        <dewpoint_string>73 F (23 C)</dewpoint_string>
        <dewpoint_f>73</dewpoint_f>
        <dewpoint_c>23</dewpoint_c> 
      	<heat_index_string>89 F (32 C)</heat_index_string>
      	<heat_index_f>89</heat_index_f>
      	<heat_index_c>32</heat_index_c>
        <windchill_string>NA</windchill_string>
        <windchill_f>NA</windchill_f>
        <windchill_c>NA</windchill_c>
        <visibility_mi>NA</visibility_mi>
 	<icon_url_base>http://weather.gov/weather/images/fcicons/</icon_url_base>	
	<icon_url_name>few.jpg</icon_url_name>
	<two_day_history_url>http://www.weather.gov/data/obhistory/KPGL.html</two_day_history_url>
	<ob_url>http://www.nws.noaa.gov/data/METAR/KPGL.1.txt</ob_url>
	<disclaimer_url>http://weather.gov/disclaimer.html</disclaimer_url>
	<copyright_url>http://weather.gov/disclaimer.html</copyright_url>
	<privacy_policy_url>http://weather.gov/notice.html</privacy_policy_url>
</current_observation>
	