<?xml version="1.0" encoding="ISO-8859-1"?> 
<?xml-stylesheet href="latest_ob.xsl" type="text/xsl"?>
<current_observation version="1.0"
	 xmlns:xsd="http://www.w3.org/2001/XMLSchema"
	 xmlns:xsi="http://www.w3.org/2001/XMLSchema-instance"
	 xsi:noNamespaceSchemaLocation="http://www.weather.gov/view/current_observation.xsd">
	<credit>NOAA's National Weather Service</credit>
	<credit_URL>http://weather.gov/</credit_URL>
	<image>
		<url>http://weather.gov/images/xml_logo.gif</url>
		<title>NOAA's National Weather Service</title>
		<link>http://weather.gov</link>
	</image>
	<suggested_pickup>15 minutes after the hour</suggested_pickup>
	<suggested_pickup_period>60</suggested_pickup_period>
	<location>8632200 - Kiptopeke, VA</location>
	<station_id>KPTV2</station_id>
	<latitude>37.167</latitude>
	<longitude>-75.988</longitude>
	<observation_time>Last Updated on Mar 8 2011, 7:54 pm EST</observation_time>
        <observation_time_rfc822>Tue, 08 Mar 2011 19:54:00 -0500</observation_time_rfc822>
	<water_temp_f>46.4</water_temp_f>
	<water_temp_c>8.0</water_temp_c>
	<wind_string>from the East at 8.0 gusting to 11.4 MPH (6.99 gusting to 9.91 KT)</wind_string>
	<wind_dir>East</wind_dir>
	<wind_degrees>90</wind_degrees>
	<wind_mph>8.0</wind_mph>
	<wind_gust_mph>11.4</wind_gust_mph>
	<wind_kt>6.99</wind_kt>
	<wind_gust_kt>9.91</wind_gust_kt>
	<windchill_string>32 F (0 C)</windchill_string>
      	<windchill_f>32</windchill_f>
      	<windchill_c>0</windchill_c>
	<mean_wave_dir>Northeast</mean_wave_dir>
	<mean_wave_degrees></mean_wave_degrees>
	<disclaimer_url>http://weather.gov/disclaimer.html</disclaimer_url>
	<copyright_url>http://weather.gov/disclaimer.html</copyright_url>
	<privacy_policy_url>http://weather.gov/notice.html</privacy_policy_url>
</current_observation>
