<?xml version="1.0" encoding="ISO-8859-1"?> 
<?xml-stylesheet href="latest_ob.xsl" type="text/xsl"?>
<current_observation version="1.0"
	 xmlns:xsd="http://www.w3.org/2001/XMLSchema"
	 xmlns:xsi="http://www.w3.org/2001/XMLSchema-instance"
	 xsi:noNamespaceSchemaLocation="http://www.weather.gov/view/current_observation.xsd">
	<credit>NOAA's National Weather Service</credit>
	<credit_URL>http://weather.gov/</credit_URL>
	<image>
		<url>http://weather.gov/images/xml_logo.gif</url>
		<title>NOAA's National Weather Service</title>
		<link>http://weather.gov</link>
	</image>
	<suggested_pickup>15 minutes after the hour</suggested_pickup>
	<suggested_pickup_period>60</suggested_pickup_period>
	<location>Providence, Green State Airport, RI</location>
	<station_id>KPVD</station_id>
	<latitude>41.73</latitude>
	<longitude>-71.43</longitude>
	<observation_time>Last Updated on Mar 8 2011, 9:51 pm EST</observation_time>
        <observation_time_rfc822>Tue, 08 Mar 2011 21:51:00 -0500</observation_time_rfc822>
	<weather>A Few Clouds</weather>
	<temperature_string>30.0 F (-1.1 C)</temperature_string>
	<temp_f>30.0</temp_f>
	<temp_c>-1.1</temp_c>
	<relative_humidity>69</relative_humidity>
	<wind_string>Northeast at 3.5 MPH (3 KT)</wind_string>
	<wind_dir>Northeast</wind_dir>
	<wind_degrees>40</wind_degrees>
	<wind_mph>3.5</wind_mph>
	<wind_kt>3</wind_kt>
	<pressure_string>1036.8 mb</pressure_string>
	<pressure_mb>1036.8</pressure_mb>
	<pressure_in>30.62</pressure_in>
	<dewpoint_string>21.0 F (-6.1 C)</dewpoint_string>
	<dewpoint_f>21.0</dewpoint_f>
	<dewpoint_c>-6.1</dewpoint_c>
	<visibility_mi>10.00</visibility_mi>
 	<icon_url_base>http://weather.gov/weather/images/fcicons/</icon_url_base>
	<two_day_history_url>http://www.weather.gov/data/obhistory/KPVD.html</two_day_history_url>
	<icon_url_name>nfew.jpg</icon_url_name>
	<ob_url>http://www.nws.noaa.gov/data/METAR/KPVD.1.txt</ob_url>
	<disclaimer_url>http://weather.gov/disclaimer.html</disclaimer_url>
	<copyright_url>http://weather.gov/disclaimer.html</copyright_url>
	<privacy_policy_url>http://weather.gov/notice.html</privacy_policy_url>
</current_observation>
