<?xml version="1.0" encoding="ISO-8859-1"?> 
<?xml-stylesheet href="latest_ob.xsl" type="text/xsl"?>
<current_observation version="1.0"
	 xmlns:xsd="http://www.w3.org/2001/XMLSchema"
	 xmlns:xsi="http://www.w3.org/2001/XMLSchema-instance"
	 xsi:noNamespaceSchemaLocation="http://www.weather.gov/view/current_observation.xsd">
	<credit>NOAA's National Weather Service</credit>
	<credit_URL>http://weather.gov/</credit_URL>
	<image>
		<url>http://weather.gov/images/xml_logo.gif</url>
		<title>NOAA's National Weather Service</title>
		<link>http://weather.gov</link>
	</image>
	<suggested_pickup>15 minutes after the hour</suggested_pickup>
	<suggested_pickup_period>60</suggested_pickup_period>
	<location>Russell Municipal Airport, KS</location>
	<station_id>KRSL</station_id>
	<latitude>38.87</latitude>
	<longitude>-98.81</longitude>
	<observation_time>Last Updated on Mar 8 2011, 8:53 pm CST</observation_time>
        <observation_time_rfc822>Tue, 08 Mar 2011 20:53:00 -0600</observation_time_rfc822>
	<weather>Fog/Mist</weather>
	<temperature_string>34.0 F (1.1 C)</temperature_string>
	<temp_f>34.0</temp_f>
	<temp_c>1.1</temp_c>
	<relative_humidity>92</relative_humidity>
	<wind_string>North at 15.0 MPH (13 KT)</wind_string>
	<wind_dir>North</wind_dir>
	<wind_degrees>350</wind_degrees>
	<wind_mph>15.0</wind_mph>
	<wind_kt>13</wind_kt>
	<pressure_string>1016.9 mb</pressure_string>
	<pressure_mb>1016.9</pressure_mb>
	<pressure_in>29.99</pressure_in>
	<dewpoint_string>32.0 F (0.0 C)</dewpoint_string>
	<dewpoint_f>32.0</dewpoint_f>
	<dewpoint_c>0.0</dewpoint_c>
	<windchill_string>24 F (-4 C)</windchill_string>
      	<windchill_f>24</windchill_f>
      	<windchill_c>-4</windchill_c>
	<visibility_mi>3.00</visibility_mi>
 	<icon_url_base>http://weather.gov/weather/images/fcicons/</icon_url_base>
	<two_day_history_url>http://www.weather.gov/data/obhistory/KRSL.html</two_day_history_url>
	<icon_url_name>nfg.jpg</icon_url_name>
	<ob_url>http://www.nws.noaa.gov/data/METAR/KRSL.1.txt</ob_url>
	<disclaimer_url>http://weather.gov/disclaimer.html</disclaimer_url>
	<copyright_url>http://weather.gov/disclaimer.html</copyright_url>
	<privacy_policy_url>http://weather.gov/notice.html</privacy_policy_url>
</current_observation>
