<?xml version="1.0" encoding="ISO-8859-1"?> 
<?xml-stylesheet href="latest_ob.xsl" type="text/xsl"?>
<current_observation version="1.0"
	 xmlns:xsd="http://www.w3.org/2001/XMLSchema"
	 xmlns:xsi="http://www.w3.org/2001/XMLSchema-instance"
	 xsi:noNamespaceSchemaLocation="http://www.weather.gov/view/current_observation.xsd">
	<credit>NOAA's National Weather Service</credit>
	<credit_URL>http://weather.gov/</credit_URL>
	<image>
		<url>http://weather.gov/images/xml_logo.gif</url>
		<title>NOAA's National Weather Service</title>
		<link>http://weather.gov</link>
	</image>
	<suggested_pickup>15 minutes after the hour</suggested_pickup>
	<suggested_pickup_period>60</suggested_pickup_period>
	<location>Rawlins Municipal, WY</location>
	<station_id>KRWL</station_id>
	<latitude>41.8</latitude>
	<longitude>-107.2</longitude>
	<observation_time>Last Updated on Mar 8 2011, 7:53 pm MST</observation_time>
        <observation_time_rfc822>Tue, 08 Mar 2011 19:53:00 -0700</observation_time_rfc822>
	<weather>Fair and Windy</weather>
	<temperature_string>25.0 F (-3.9 C)</temperature_string>
	<temp_f>25.0</temp_f>
	<temp_c>-3.9</temp_c>
	<relative_humidity>58</relative_humidity>
	<wind_string>from the West at 28.8 gusting to 39.1 MPH (25 gusting to 34 KT)</wind_string>
	<wind_dir>West</wind_dir>
	<wind_degrees>250</wind_degrees>
	<wind_mph>28.8</wind_mph>
	<wind_gust_mph>39.1</wind_gust_mph>
	<wind_kt>25</wind_kt>
	<wind_gust_kt>34</wind_gust_kt>
	<pressure_string>1019.6 mb</pressure_string>
	<pressure_mb>1019.6</pressure_mb>
	<pressure_in>30.00</pressure_in>
	<dewpoint_string>12.0 F (-11.1 C)</dewpoint_string>
	<dewpoint_f>12.0</dewpoint_f>
	<dewpoint_c>-11.1</dewpoint_c>
	<windchill_string>8 F (-13 C)</windchill_string>
      	<windchill_f>8</windchill_f>
      	<windchill_c>-13</windchill_c>
	<visibility_mi>10.00</visibility_mi>
 	<icon_url_base>http://weather.gov/weather/images/fcicons/</icon_url_base>
	<two_day_history_url>http://www.weather.gov/data/obhistory/KRWL.html</two_day_history_url>
	<icon_url_name>nwind.jpg</icon_url_name>
	<ob_url>http://www.nws.noaa.gov/data/METAR/KRWL.1.txt</ob_url>
	<disclaimer_url>http://weather.gov/disclaimer.html</disclaimer_url>
	<copyright_url>http://weather.gov/disclaimer.html</copyright_url>
	<privacy_policy_url>http://weather.gov/notice.html</privacy_policy_url>
</current_observation>
