<?xml version="1.0" encoding="ISO-8859-1"?> 
<?xml-stylesheet href="latest_ob.xsl" type="text/xsl"?>
<current_observation version="1.0"
	 xmlns:xsd="http://www.w3.org/2001/XMLSchema"
	 xmlns:xsi="http://www.w3.org/2001/XMLSchema-instance"
	 xsi:noNamespaceSchemaLocation="http://www.weather.gov/view/current_observation.xsd">
	<credit>NOAA's National Weather Service</credit>
	<credit_URL>http://weather.gov/</credit_URL>
	<image>
		<url>http://weather.gov/images/xml_logo.gif</url>
		<title>NOAA's National Weather Service</title>
		<link>http://weather.gov</link>
	</image>
	<suggested_pickup>15 minutes after the hour</suggested_pickup>
	<suggested_pickup_period>60</suggested_pickup_period>
	<location>Rexburg-Madison County Airport, ID</location>
	<station_id>KRXE</station_id>
	<latitude>43.83</latitude>
	<longitude>-111.81</longitude>
	<observation_time>Last Updated on Mar 8 2011, 7:53 pm MST</observation_time>
        <observation_time_rfc822>Tue, 08 Mar 2011 19:53:00 -0700</observation_time_rfc822>
	<weather>Overcast</weather>
	<temperature_string>30.0 F (-1.1 C)</temperature_string>
	<temp_f>30.0</temp_f>
	<temp_c>-1.1</temp_c>
	<relative_humidity>92</relative_humidity>
	<wind_string>Southwest at 8.1 MPH (7 KT)</wind_string>
	<wind_dir>Southwest</wind_dir>
	<wind_degrees>220</wind_degrees>
	<wind_mph>8.1</wind_mph>
	<wind_kt>7</wind_kt>
	<pressure_string>1023.1 mb</pressure_string>
	<pressure_mb>1023.1</pressure_mb>
	<pressure_in>30.11</pressure_in>
	<dewpoint_string>28.0 F (-2.2 C)</dewpoint_string>
	<dewpoint_f>28.0</dewpoint_f>
	<dewpoint_c>-2.2</dewpoint_c>
	<windchill_string>22 F (-6 C)</windchill_string>
      	<windchill_f>22</windchill_f>
      	<windchill_c>-6</windchill_c>
	<visibility_mi>10.00</visibility_mi>
 	<icon_url_base>http://weather.gov/weather/images/fcicons/</icon_url_base>
	<two_day_history_url>http://www.weather.gov/data/obhistory/KRXE.html</two_day_history_url>
	<icon_url_name>novc.jpg</icon_url_name>
	<ob_url>http://www.nws.noaa.gov/data/METAR/KRXE.1.txt</ob_url>
	<disclaimer_url>http://weather.gov/disclaimer.html</disclaimer_url>
	<copyright_url>http://weather.gov/disclaimer.html</copyright_url>
	<privacy_policy_url>http://weather.gov/notice.html</privacy_policy_url>
</current_observation>
