<?xml version="1.0" encoding="ISO-8859-1"?> 
<?xml-stylesheet href="latest_ob.xsl" type="text/xsl"?>
<current_observation version="1.0"
	 xmlns:xsd="http://www.w3.org/2001/XMLSchema"
	 xmlns:xsi="http://www.w3.org/2001/XMLSchema-instance"
	 xsi:noNamespaceSchemaLocation="http://www.weather.gov/view/current_observation.xsd">
	<credit>NOAA's National Weather Service</credit>
	<credit_URL>http://weather.gov/</credit_URL>
	<image>
		<url>http://weather.gov/images/xml_logo.gif</url>
		<title>NOAA's National Weather Service</title>
		<link>http://weather.gov</link>
	</image>
	<suggested_pickup>15 minutes after the hour</suggested_pickup>
	<suggested_pickup_period>60</suggested_pickup_period>
	<location>Roanoke Rapids, Halifax County Airport, NC</location>
	<station_id>KRZZ</station_id>
	<latitude>36.44</latitude>
	<longitude>-77.71</longitude>
	<observation_time>Last Updated on Jun 25 2009, 2:54 pm EDT</observation_time>
        <observation_time_rfc822>Thu, 25 Jun 2009 14:54:00 -0400</observation_time_rfc822>
	<weather>Fair</weather>
	<temperature_string>91.0 F (32.8 C)</temperature_string>
	<temp_f>91.0</temp_f>
	<temp_c>32.8</temp_c>
	<relative_humidity>33</relative_humidity>
	<wind_string>Variable at 6.9 MPH (6 KT)</wind_string>
	<wind_dir>Variable</wind_dir>
	<wind_degrees>999</wind_degrees>
	<wind_mph>6.9</wind_mph>
	<wind_kt>6</wind_kt>
	<pressure_string>1010.4 mb</pressure_string>
	<pressure_mb>1010.4</pressure_mb>
	<pressure_in>29.85</pressure_in>
	<dewpoint_string>57.9 F (14.4 C)</dewpoint_string>
	<dewpoint_f>57.9</dewpoint_f>
	<dewpoint_c>14.4</dewpoint_c>
	<heat_index_string>90 F (32 C)</heat_index_string>
      	<heat_index_f>90</heat_index_f>
      	<heat_index_c>32</heat_index_c>
	<visibility_mi>10.00</visibility_mi>
 	<icon_url_base>http://weather.gov/weather/images/fcicons/</icon_url_base>
	<two_day_history_url>http://www.weather.gov/data/obhistory/KRZZ.html</two_day_history_url>
	<icon_url_name>skc.jpg</icon_url_name>
	<ob_url>http://www.nws.noaa.gov/data/METAR/KRZZ.1.txt</ob_url>
	<disclaimer_url>http://weather.gov/disclaimer.html</disclaimer_url>
	<copyright_url>http://weather.gov/disclaimer.html</copyright_url>
	<privacy_policy_url>http://weather.gov/notice.html</privacy_policy_url>
</current_observation>
