<?xml version="1.0" encoding="ISO-8859-1"?> 
<?xml-stylesheet href="latest_ob.xsl" type="text/xsl"?>
<current_observation version="1.0"
	 xmlns:xsd="http://www.w3.org/2001/XMLSchema"
	 xmlns:xsi="http://www.w3.org/2001/XMLSchema-instance"
	 xsi:noNamespaceSchemaLocation="http://www.weather.gov/view/current_observation.xsd">
	<credit>NOAA's National Weather Service</credit>
	<credit_URL>http://weather.gov/</credit_URL>
	<image>
		<url>http://weather.gov/images/xml_logo.gif</url>
		<title>NOAA's National Weather Service</title>
		<link>http://weather.gov</link>
	</image>
	<suggested_pickup>15 minutes after the hour</suggested_pickup>
	<suggested_pickup_period>60</suggested_pickup_period>
	<location>Schenectady Airport, NY</location>
	<station_id>KSCH</station_id>
	<latitude>42.86</latitude>
	<longitude>-73.93</longitude>
	<observation_time>Last Updated on Mar 8 2011, 9:45 pm EST</observation_time>
        <observation_time_rfc822>Tue, 08 Mar 2011 21:45:00 -0500</observation_time_rfc822>
	<weather>Fair</weather>
	<temperature_string>25.0 F (-4.0 C)</temperature_string>
	<temp_f>25.0</temp_f>
	<temp_c>-4.0</temp_c>
	<relative_humidity>50</relative_humidity>
	<wind_string>North at 8.1 MPH (7 KT)</wind_string>
	<wind_dir>North</wind_dir>
	<wind_degrees>20</wind_degrees>
	<wind_mph>8.1</wind_mph>
	<wind_kt>7</wind_kt>
	<pressure_in>30.62</pressure_in>
	<dewpoint_string>8.6 F (-13.0 C)</dewpoint_string>
	<dewpoint_f>8.6</dewpoint_f>
	<dewpoint_c>-13.0</dewpoint_c>
	<windchill_string>16 F (-9 C)</windchill_string>
      	<windchill_f>16</windchill_f>
      	<windchill_c>-9</windchill_c>
	<visibility_mi>10.00</visibility_mi>
 	<icon_url_base>http://weather.gov/weather/images/fcicons/</icon_url_base>
	<two_day_history_url>http://www.weather.gov/data/obhistory/KSCH.html</two_day_history_url>
	<icon_url_name>nskc.jpg</icon_url_name>
	<ob_url>http://www.nws.noaa.gov/data/METAR/KSCH.1.txt</ob_url>
	<disclaimer_url>http://weather.gov/disclaimer.html</disclaimer_url>
	<copyright_url>http://weather.gov/disclaimer.html</copyright_url>
	<privacy_policy_url>http://weather.gov/notice.html</privacy_policy_url>
</current_observation>
