<?xml version="1.0" encoding="ISO-8859-1"?> 
<?xml-stylesheet href="latest_ob.xsl" type="text/xsl"?>
<current_observation version="1.0"
	 xmlns:xsd="http://www.w3.org/2001/XMLSchema"
	 xmlns:xsi="http://www.w3.org/2001/XMLSchema-instance"
	 xsi:noNamespaceSchemaLocation="http://www.weather.gov/view/current_observation.xsd">
	<credit>NOAA's National Weather Service</credit>
	<credit_URL>http://weather.gov/</credit_URL>
	<image>
		<url>http://weather.gov/images/xml_logo.gif</url>
		<title>NOAA's National Weather Service</title>
		<link>http://weather.gov</link>
	</image>
	<suggested_pickup>15 minutes after the hour</suggested_pickup>
	<suggested_pickup_period>60</suggested_pickup_period>
	<location>T P McCampbell Airport, TX</location>
	<station_id>KTFP</station_id>
	<latitude>27.91</latitude>
	<longitude>-97.21</longitude>
	<observation_time>Last Updated on Mar 8 2011, 8:55 pm CST</observation_time>
        <observation_time_rfc822>Tue, 08 Mar 2011 20:55:00 -0600</observation_time_rfc822>
	<weather>Fog/Mist</weather>
	<temperature_string>70.0 F (21.0 C)</temperature_string>
	<temp_f>70.0</temp_f>
	<temp_c>21.0</temp_c>
	<relative_humidity>94</relative_humidity>
	<wind_string>Southeast at 4.6 MPH (4 KT)</wind_string>
	<wind_dir>Southeast</wind_dir>
	<wind_degrees>140</wind_degrees>
	<wind_mph>4.6</wind_mph>
	<wind_kt>4</wind_kt>
	<pressure_in>29.77</pressure_in>
	<dewpoint_string>68.0 F (20.0 C)</dewpoint_string>
	<dewpoint_f>68.0</dewpoint_f>
	<dewpoint_c>20.0</dewpoint_c>
	<visibility_mi>3.00</visibility_mi>
 	<icon_url_base>http://weather.gov/weather/images/fcicons/</icon_url_base>
	<two_day_history_url>http://www.weather.gov/data/obhistory/KTFP.html</two_day_history_url>
	<icon_url_name>nfg.jpg</icon_url_name>
	<ob_url>http://www.nws.noaa.gov/data/METAR/KTFP.1.txt</ob_url>
	<disclaimer_url>http://weather.gov/disclaimer.html</disclaimer_url>
	<copyright_url>http://weather.gov/disclaimer.html</copyright_url>
	<privacy_policy_url>http://weather.gov/notice.html</privacy_policy_url>
</current_observation>
