<?xml version="1.0" encoding="ISO-8859-1"?> 
<?xml-stylesheet href="latest_ob.xsl" type="text/xsl"?>
<current_observation version="1.0"
	 xmlns:xsd="http://www.w3.org/2001/XMLSchema"
	 xmlns:xsi="http://www.w3.org/2001/XMLSchema-instance"
	 xsi:noNamespaceSchemaLocation="http://www.weather.gov/view/current_observation.xsd">
	<credit>NOAA's National Weather Service</credit>
	<credit_URL>http://weather.gov/</credit_URL>
	<image>
		<url>http://weather.gov/images/xml_logo.gif</url>
		<title>NOAA's National Weather Service</title>
		<link>http://weather.gov</link>
	</image>
	<suggested_pickup>15 minutes after the hour</suggested_pickup>
	<suggested_pickup_period>60</suggested_pickup_period>
	<location>Knoxville, McGhee Tyson Airport, TN</location>
	<station_id>KTYS</station_id>
	<latitude>35.81</latitude>
	<longitude>-83.98</longitude>
	<observation_time>Last Updated on Mar 8 2011, 9:53 pm EST</observation_time>
        <observation_time_rfc822>Tue, 08 Mar 2011 21:53:00 -0500</observation_time_rfc822>
	<weather>Light Rain</weather>
	<temperature_string>48.0 F (8.9 C)</temperature_string>
	<temp_f>48.0</temp_f>
	<temp_c>8.9</temp_c>
	<relative_humidity>86</relative_humidity>
	<wind_string>Southeast at 6.9 MPH (6 KT)</wind_string>
	<wind_dir>Southeast</wind_dir>
	<wind_degrees>150</wind_degrees>
	<wind_mph>6.9</wind_mph>
	<wind_kt>6</wind_kt>
	<pressure_string>1021.9 mb</pressure_string>
	<pressure_mb>1021.9</pressure_mb>
	<pressure_in>30.18</pressure_in>
	<dewpoint_string>44.1 F (6.7 C)</dewpoint_string>
	<dewpoint_f>44.1</dewpoint_f>
	<dewpoint_c>6.7</dewpoint_c>
	<windchill_string>45 F (7 C)</windchill_string>
      	<windchill_f>45</windchill_f>
      	<windchill_c>7</windchill_c>
	<visibility_mi>10.00</visibility_mi>
 	<icon_url_base>http://weather.gov/weather/images/fcicons/</icon_url_base>
	<two_day_history_url>http://www.weather.gov/data/obhistory/KTYS.html</two_day_history_url>
	<icon_url_name>ra1.jpg</icon_url_name>
	<ob_url>http://www.nws.noaa.gov/data/METAR/KTYS.1.txt</ob_url>
	<disclaimer_url>http://weather.gov/disclaimer.html</disclaimer_url>
	<copyright_url>http://weather.gov/disclaimer.html</copyright_url>
	<privacy_policy_url>http://weather.gov/notice.html</privacy_policy_url>
</current_observation>
