<?xml version="1.0" encoding="ISO-8859-1"?> 
<?xml-stylesheet href="latest_ob.xsl" type="text/xsl"?>
<current_observation version="1.0"
	 xmlns:xsd="http://www.w3.org/2001/XMLSchema"
	 xmlns:xsi="http://www.w3.org/2001/XMLSchema-instance"
	 xsi:noNamespaceSchemaLocation="http://www.weather.gov/view/current_observation.xsd">
	<credit>NOAA's National Weather Service</credit>
	<credit_URL>http://weather.gov/</credit_URL>
	<image>
		<url>http://weather.gov/images/xml_logo.gif</url>
		<title>NOAA's National Weather Service</title>
		<link>http://weather.gov</link>
	</image>
	<suggested_pickup>15 minutes after the hour</suggested_pickup>
	<suggested_pickup_period>60</suggested_pickup_period>
	<location>Media Luna, La Parguera, PR</location>
	<station_id>LPRP4</station_id>
	<latitude>17.939</latitude>
	<longitude>-67.052</longitude>
	<observation_time>Last Updated on Mar 9 2011, 12:00 am NST </observation_time>
        <observation_time_rfc822>Wed, 09 Mar 2011 00:00:00 +0000</observation_time_rfc822>
	<temperature_string>75.9 F (24.4 C)</temperature_string>
	<temp_f>75.9</temp_f>
	<temp_c>24.4</temp_c>
	<water_temp_f>80.8</water_temp_f>
	<water_temp_c>27.1</water_temp_c>
	<wind_string>from the Northeast at 11.4 gusting to 15.0 MPH (9.91 gusting to 13.02 KT)</wind_string>
	<wind_dir>Northeast</wind_dir>
	<wind_degrees>50</wind_degrees>
	<wind_mph>11.4</wind_mph>
	<wind_gust_mph>15.0</wind_gust_mph>
	<wind_kt>9.91</wind_kt>
	<wind_gust_kt>13.02</wind_gust_kt>
	<pressure_string>1015.7 mb</pressure_string>
	<pressure_mb>1015.7</pressure_mb>
	<pressure_tendency_mb>1.4</pressure_tendency_mb>
	<dewpoint_string>60.8 F (16.0 C)</dewpoint_string>
	<dewpoint_f>60.8</dewpoint_f>
	<dewpoint_c>16.0</dewpoint_c>
	<mean_wave_dir>Northeast</mean_wave_dir>
	<mean_wave_degrees></mean_wave_degrees>
	<disclaimer_url>http://weather.gov/disclaimer.html</disclaimer_url>
	<copyright_url>http://weather.gov/disclaimer.html</copyright_url>
	<privacy_policy_url>http://weather.gov/notice.html</privacy_policy_url>
</current_observation>
