<?xml version="1.0" encoding="ISO-8859-1"?> 
<?xml-stylesheet href="latest_ob.xsl" type="text/xsl"?>
<current_observation version="1.0"
	 xmlns:xsd="http://www.w3.org/2001/XMLSchema"
	 xmlns:xsi="http://www.w3.org/2001/XMLSchema-instance"
	 xsi:noNamespaceSchemaLocation="http://www.weather.gov/view/current_observation.xsd">
	<credit>NOAA's National Weather Service</credit>
	<credit_URL>http://weather.gov/</credit_URL>
	<image>
		<url>http://weather.gov/images/xml_logo.gif</url>
		<title>NOAA's National Weather Service</title>
		<link>http://weather.gov</link>
	</image>
	<suggested_pickup>15 minutes after the hour</suggested_pickup>
	<suggested_pickup_period>60</suggested_pickup_period>
	<location>9751401 - Lime Tree Bay, VI</location>
	<station_id>LTBV3</station_id>
	<latitude>17.697</latitude>
	<longitude>-64.753</longitude>
	<observation_time>Last Updated on Mar 8 2011, 8:00 pm NST </observation_time>
        <observation_time_rfc822>Tue, 08 Mar 2011 20:00:00 +0000</observation_time_rfc822>
	<temperature_string>78.8 F (26.0 C)</temperature_string>
	<temp_f>78.8</temp_f>
	<temp_c>26.0</temp_c>
	<wind_string>from the East at 9.2 gusting to 13.9 MPH (7.96 gusting to 12.05 KT)</wind_string>
	<wind_dir>East</wind_dir>
	<wind_degrees>70</wind_degrees>
	<wind_mph>9.2</wind_mph>
	<wind_gust_mph>13.9</wind_gust_mph>
	<wind_kt>7.96</wind_kt>
	<wind_gust_kt>12.05</wind_gust_kt>
	<pressure_string>1014.2 mb</pressure_string>
	<pressure_mb>1014.2</pressure_mb>
	<pressure_tendency_mb>-1.1</pressure_tendency_mb>
	<mean_wave_dir>Northeast</mean_wave_dir>
	<mean_wave_degrees></mean_wave_degrees>
	<disclaimer_url>http://weather.gov/disclaimer.html</disclaimer_url>
	<copyright_url>http://weather.gov/disclaimer.html</copyright_url>
	<privacy_policy_url>http://weather.gov/notice.html</privacy_policy_url>
</current_observation>
