<?xml version="1.0" encoding="ISO-8859-1"?> 
<?xml-stylesheet href="latest_ob.xsl" type="text/xsl"?>
<current_observation version="1.0"
	 xmlns:xsd="http://www.w3.org/2001/XMLSchema"
	 xmlns:xsi="http://www.w3.org/2001/XMLSchema-instance"
	 xsi:noNamespaceSchemaLocation="http://www.weather.gov/view/current_observation.xsd">
	<credit>NOAA's National Weather Service</credit>
	<credit_URL>http://weather.gov/</credit_URL>
	<image>
		<url>http://weather.gov/images/xml_logo.gif</url>
		<title>NOAA's National Weather Service</title>
		<link>http://weather.gov</link>
	</image>
	<suggested_pickup>15 minutes after the hour</suggested_pickup>
	<suggested_pickup_period>60</suggested_pickup_period>
	<location>Unknown Station</location>
	<station_id>MMGM</station_id>
	<observation_time>Last Updated on Mar 8 2011, 6:40 pm MST</observation_time>
        <observation_time_rfc822>Tue, 08 Mar 2011 18:40:00 -0700</observation_time_rfc822>
	<weather>A Few Clouds</weather>
	<temperature_string>70.0 F (21.0 C)</temperature_string>
	<temp_f>70.0</temp_f>
	<temp_c>21.0</temp_c>
	<relative_humidity>43</relative_humidity>
	<wind_string>West at 5.8 MPH (5 KT)</wind_string>
	<wind_dir>West</wind_dir>
	<wind_degrees>270</wind_degrees>
	<wind_mph>5.8</wind_mph>
	<wind_kt>5</wind_kt>
	<pressure_in>29.92</pressure_in>
	<dewpoint_string>46.4 F (8.0 C)</dewpoint_string>
	<dewpoint_f>46.4</dewpoint_f>
	<dewpoint_c>8.0</dewpoint_c>
	<visibility_mi>10.00</visibility_mi>
 	<icon_url_base>http://weather.gov/weather/images/fcicons/</icon_url_base>
	<two_day_history_url>http://www.weather.gov/data/obhistory/MMGM.html</two_day_history_url>
	<icon_url_name>few.jpg</icon_url_name>
	<ob_url>http://www.nws.noaa.gov/data/METAR/MMGM.1.txt</ob_url>
	<disclaimer_url>http://weather.gov/disclaimer.html</disclaimer_url>
	<copyright_url>http://weather.gov/disclaimer.html</copyright_url>
	<privacy_policy_url>http://weather.gov/notice.html</privacy_policy_url>
</current_observation>
