<?xml version="1.0" encoding="ISO-8859-1"?> 
<?xml-stylesheet href="latest_ob.xsl" type="text/xsl"?>
<current_observation version="1.0"
	 xmlns:xsd="http://www.w3.org/2001/XMLSchema"
	 xmlns:xsi="http://www.w3.org/2001/XMLSchema-instance"
	 xsi:noNamespaceSchemaLocation="http://www.weather.gov/view/current_observation.xsd">
	<credit>NOAA's National Weather Service</credit>
	<credit_URL>http://weather.gov/</credit_URL>
	<image>
		<url>http://weather.gov/images/xml_logo.gif</url>
		<title>NOAA's National Weather Service</title>
		<link>http://weather.gov</link>
	</image>
	<suggested_pickup>15 minutes after the hour</suggested_pickup>
	<suggested_pickup_period>60</suggested_pickup_period>
	<location>Unknown Station</location>
	<station_id>MMMY</station_id>
	<observation_time>Last Updated on Mar 8 2011, 7:40 pm MST</observation_time>
        <observation_time_rfc822>Tue, 08 Mar 2011 19:40:00 -0700</observation_time_rfc822>
	<weather>Clear</weather>
	<temperature_string>75.0 F (24.0 C)</temperature_string>
	<temp_f>75.0</temp_f>
	<temp_c>24.0</temp_c>
	<relative_humidity>31</relative_humidity>
	<wind_string>South at 4.6 MPH (4 KT)</wind_string>
	<wind_dir>South</wind_dir>
	<wind_degrees>160</wind_degrees>
	<wind_mph>4.6</wind_mph>
	<wind_kt>4</wind_kt>
	<pressure_string>1006.8 mb</pressure_string>
	<pressure_mb>1006.8</pressure_mb>
	<pressure_in>29.74</pressure_in>
	<dewpoint_string>42.8 F (6.0 C)</dewpoint_string>
	<dewpoint_f>42.8</dewpoint_f>
	<dewpoint_c>6.0</dewpoint_c>
	<visibility_mi>15.00</visibility_mi>
 	<icon_url_base>http://weather.gov/weather/images/fcicons/</icon_url_base>
	<two_day_history_url>http://www.weather.gov/data/obhistory/MMMY.html</two_day_history_url>
	<icon_url_name>nskc.jpg</icon_url_name>
	<ob_url>http://www.nws.noaa.gov/data/METAR/MMMY.1.txt</ob_url>
	<disclaimer_url>http://weather.gov/disclaimer.html</disclaimer_url>
	<copyright_url>http://weather.gov/disclaimer.html</copyright_url>
	<privacy_policy_url>http://weather.gov/notice.html</privacy_policy_url>
</current_observation>
