<?xml version="1.0" encoding="ISO-8859-1"?> 
<?xml-stylesheet href="latest_ob.xsl" type="text/xsl"?>
<current_observation version="1.0"
	 xmlns:xsd="http://www.w3.org/2001/XMLSchema"
	 xmlns:xsi="http://www.w3.org/2001/XMLSchema-instance"
	 xsi:noNamespaceSchemaLocation="http://www.weather.gov/view/current_observation.xsd">
	<credit>NOAA's National Weather Service</credit>
	<credit_URL>http://weather.gov/</credit_URL>
	<image>
		<url>http://weather.gov/images/xml_logo.gif</url>
		<title>NOAA's National Weather Service</title>
		<link>http://weather.gov</link>
	</image>
	<suggested_pickup>15 minutes after the hour</suggested_pickup>
	<suggested_pickup_period>60</suggested_pickup_period>
	<location>9087088 - Menominee, MI</location>
	<station_id>MNMM4</station_id>
	<latitude>45.096</latitude>
	<longitude>-87.59</longitude>
	<observation_time>Last Updated on Mar 8 2011, 6:30 am CST</observation_time>
        <observation_time_rfc822>Tue, 08 Mar 2011 06:30:00 -0600</observation_time_rfc822>
	<temperature_string>29.3 F (-1.5 C)</temperature_string>
	<temp_f>29.3</temp_f>
	<temp_c>-1.5</temp_c>
	<wind_string>from the East at 1.1 gusting to 2.2 MPH (0.97 gusting to 1.94 KT)</wind_string>
	<wind_dir>East</wind_dir>
	<wind_degrees>80</wind_degrees>
	<wind_mph>1.1</wind_mph>
	<wind_gust_mph>2.2</wind_gust_mph>
	<wind_kt>0.97</wind_kt>
	<wind_gust_kt>1.94</wind_gust_kt>
	<pressure_string>1026.5 mb</pressure_string>
	<pressure_mb>1026.5</pressure_mb>
	<mean_wave_dir>Northeast</mean_wave_dir>
	<mean_wave_degrees></mean_wave_degrees>
	<disclaimer_url>http://weather.gov/disclaimer.html</disclaimer_url>
	<copyright_url>http://weather.gov/disclaimer.html</copyright_url>
	<privacy_policy_url>http://weather.gov/notice.html</privacy_policy_url>
</current_observation>
