<?xml version="1.0" encoding="ISO-8859-1"?> 
<?xml-stylesheet href="latest_ob.xsl" type="text/xsl"?>
<current_observation version="1.0"
	 xmlns:xsd="http://www.w3.org/2001/XMLSchema"
	 xmlns:xsi="http://www.w3.org/2001/XMLSchema-instance"
	 xsi:noNamespaceSchemaLocation="http://www.weather.gov/view/current_observation.xsd">
	<credit>NOAA's National Weather Service</credit>
	<credit_URL>http://weather.gov/</credit_URL>
	<image>
		<url>http://weather.gov/images/xml_logo.gif</url>
		<title>NOAA's National Weather Service</title>
		<link>http://weather.gov</link>
	</image>
	<suggested_pickup>15 minutes after the hour</suggested_pickup>
	<suggested_pickup_period>60</suggested_pickup_period>
	<location>Fau Amotu, TO</location>
	<station_id>NFTF</station_id>
	<latitude>-21.233</latitude>
	<longitude>-175.15</longitude>
	<observation_time>Last Updated on Mar 9 2011, 2:00 am TST </observation_time>
        <observation_time_rfc822>Wed, 09 Mar 2011 02:00:00 +0000</observation_time_rfc822>
	<weather>Mostly Cloudy</weather>
	<temperature_string>86.0 F (30.0 C)</temperature_string>
	<temp_f>86.0</temp_f>
	<temp_c>30.0</temp_c>
	<relative_humidity>79</relative_humidity>
	<wind_string>North at 11.5 MPH (10 KT)</wind_string>
	<wind_dir>North</wind_dir>
	<wind_degrees>350</wind_degrees>
	<wind_mph>11.5</wind_mph>
	<wind_kt>10</wind_kt>
	<dewpoint_string>78.8 F (26.0 C)</dewpoint_string>
	<dewpoint_f>78.8</dewpoint_f>
	<dewpoint_c>26.0</dewpoint_c>
	<heat_index_string>99 F (37 C)</heat_index_string>
      	<heat_index_f>99</heat_index_f>
      	<heat_index_c>37</heat_index_c>
 	<icon_url_base>http://weather.gov/weather/images/fcicons/</icon_url_base>
	<two_day_history_url>http://www.weather.gov/data/obhistory/NFTF.html</two_day_history_url>
	<icon_url_name>nbkn.jpg</icon_url_name>
	<ob_url>http://www.nws.noaa.gov/data/METAR/NFTF.1.txt</ob_url>
	<disclaimer_url>http://weather.gov/disclaimer.html</disclaimer_url>
	<copyright_url>http://weather.gov/disclaimer.html</copyright_url>
	<privacy_policy_url>http://weather.gov/notice.html</privacy_policy_url>
</current_observation>
