<?xml version="1.0" encoding="ISO-8859-1"?> 
<?xml-stylesheet href="latest_ob.xsl" type="text/xsl"?>
<current_observation version="1.0"
	 xmlns:xsd="http://www.w3.org/2001/XMLSchema"
	 xmlns:xsi="http://www.w3.org/2001/XMLSchema-instance"
	 xsi:noNamespaceSchemaLocation="http://www.weather.gov/view/current_observation.xsd">
	<credit>NOAA's National Weather Service</credit>
	<credit_URL>http://weather.gov/</credit_URL>
	<image>
		<url>http://weather.gov/images/xml_logo.gif</url>
		<title>NOAA's National Weather Service</title>
		<link>http://weather.gov</link>
	</image>
	<suggested_pickup>15 minutes after the hour</suggested_pickup>
	<suggested_pickup_period>60</suggested_pickup_period>
	<location>North Carolina Reserve, NC</location>
	<station_id>NOXN7</station_id>
	<latitude>34.156</latitude>
	<longitude>-77.851</longitude>
	<observation_time>Last Updated on Mar 8 2011, 6:45 pm EST</observation_time>
        <observation_time_rfc822>Tue, 08 Mar 2011 18:45:00 -0500</observation_time_rfc822>
	<temperature_string>52.7 F (11.5 C)</temperature_string>
	<temp_f>52.7</temp_f>
	<temp_c>11.5</temp_c>
	<wind_string>East at 8.0 MPH (6.99 KT)</wind_string>
	<wind_dir>East</wind_dir>
	<wind_degrees>80</wind_degrees>
	<wind_mph>8.0</wind_mph>
	<wind_kt>6.99</wind_kt>
	<dewpoint_string>46.8 F (8.2 C)</dewpoint_string>
	<dewpoint_f>46.8</dewpoint_f>
	<dewpoint_c>8.2</dewpoint_c>
	<windchill_string>50 F (10 C)</windchill_string>
      	<windchill_f>50</windchill_f>
      	<windchill_c>10</windchill_c>
	<mean_wave_dir>Northeast</mean_wave_dir>
	<mean_wave_degrees></mean_wave_degrees>
	<disclaimer_url>http://weather.gov/disclaimer.html</disclaimer_url>
	<copyright_url>http://weather.gov/disclaimer.html</copyright_url>
	<privacy_policy_url>http://weather.gov/notice.html</privacy_policy_url>
</current_observation>
