<?xml version="1.0" encoding="ISO-8859-1"?> 
<?xml-stylesheet href="latest_ob.xsl" type="text/xsl"?>
<current_observation version="1.0"
	 xmlns:xsd="http://www.w3.org/2001/XMLSchema"
	 xmlns:xsi="http://www.w3.org/2001/XMLSchema-instance"
	 xsi:noNamespaceSchemaLocation="http://www.weather.gov/view/current_observation.xsd">
	<credit>NOAA's National Weather Service</credit>
	<credit_URL>http://weather.gov/</credit_URL>
	<image>
		<url>http://weather.gov/images/xml_logo.gif</url>
		<title>NOAA's National Weather Service</title>
		<link>http://weather.gov</link>
	</image>
	<suggested_pickup>15 minutes after the hour</suggested_pickup>
	<suggested_pickup_period>60</suggested_pickup_period>
	<location>8449130 - Nantucket Island, MA</location>
	<station_id>NTKM3</station_id>
	<latitude>41.285</latitude>
	<longitude>-70.097</longitude>
	<observation_time>Last Updated on Mar 8 2011, 7:54 pm EST</observation_time>
        <observation_time_rfc822>Tue, 08 Mar 2011 19:54:00 -0500</observation_time_rfc822>
	<temperature_string>35.4 F (1.9 C)</temperature_string>
	<temp_f>35.4</temp_f>
	<temp_c>1.9</temp_c>
	<water_temp_f>41.2</water_temp_f>
	<water_temp_c>5.1</water_temp_c>
	<wind_string>from the North at 10.3 gusting to 13.9 MPH (8.94 gusting to 12.05 KT)</wind_string>
	<wind_dir>North</wind_dir>
	<wind_degrees>20</wind_degrees>
	<wind_mph>10.3</wind_mph>
	<wind_gust_mph>13.9</wind_gust_mph>
	<wind_kt>8.94</wind_kt>
	<wind_gust_kt>12.05</wind_gust_kt>
	<pressure_string>1035.9 mb</pressure_string>
	<pressure_mb>1035.9</pressure_mb>
	<windchill_string>28 F (-2 C)</windchill_string>
      	<windchill_f>28</windchill_f>
      	<windchill_c>-2</windchill_c>
	<mean_wave_dir>Northeast</mean_wave_dir>
	<mean_wave_degrees></mean_wave_degrees>
	<disclaimer_url>http://weather.gov/disclaimer.html</disclaimer_url>
	<copyright_url>http://weather.gov/disclaimer.html</copyright_url>
	<privacy_policy_url>http://weather.gov/notice.html</privacy_policy_url>
</current_observation>
