<?xml version="1.0" encoding="ISO-8859-1"?> 
<?xml-stylesheet href="latest_ob.xsl" type="text/xsl"?>
<current_observation version="1.0"
	 xmlns:xsd="http://www.w3.org/2001/XMLSchema"
	 xmlns:xsi="http://www.w3.org/2001/XMLSchema-instance"
	 xsi:noNamespaceSchemaLocation="http://www.weather.gov/view/current_observation.xsd">
	<credit>NOAA's National Weather Service</credit>
	<credit_URL>http://weather.gov/</credit_URL>
	<image>
		<url>http://weather.gov/images/xml_logo.gif</url>
		<title>NOAA's National Weather Service</title>
		<link>http://weather.gov</link>
	</image>
	<suggested_pickup>15 minutes after the hour</suggested_pickup>
	<suggested_pickup_period>60</suggested_pickup_period>
	<location>8452660 - Newport, RI</location>
	<station_id>NWPR1</station_id>
	<latitude>41.505</latitude>
	<longitude>-71.327</longitude>
	<observation_time>Last Updated on Mar 8 2011, 7:54 pm EST</observation_time>
        <observation_time_rfc822>Tue, 08 Mar 2011 19:54:00 -0500</observation_time_rfc822>
	<temperature_string>35.2 F (1.8 C)</temperature_string>
	<temp_f>35.2</temp_f>
	<temp_c>1.8</temp_c>
	<water_temp_f>38.8</water_temp_f>
	<water_temp_c>3.8</water_temp_c>
	<wind_string>from the Northeast at 1.1 gusting to 3.3 MPH (0.97 gusting to 2.91 KT)</wind_string>
	<wind_dir>Northeast</wind_dir>
	<wind_degrees>40</wind_degrees>
	<wind_mph>1.1</wind_mph>
	<wind_gust_mph>3.3</wind_gust_mph>
	<wind_kt>0.97</wind_kt>
	<wind_gust_kt>2.91</wind_gust_kt>
	<pressure_string>1036.0 mb</pressure_string>
	<pressure_mb>1036.0</pressure_mb>
	<mean_wave_dir>Northeast</mean_wave_dir>
	<mean_wave_degrees></mean_wave_degrees>
	<disclaimer_url>http://weather.gov/disclaimer.html</disclaimer_url>
	<copyright_url>http://weather.gov/disclaimer.html</copyright_url>
	<privacy_policy_url>http://weather.gov/notice.html</privacy_policy_url>
</current_observation>
