<?xml version="1.0" encoding="ISO-8859-1"?> 
<?xml-stylesheet href="latest_ob.xsl" type="text/xsl"?>
<current_observation version="1.0"
	 xmlns:xsd="http://www.w3.org/2001/XMLSchema"
	 xmlns:xsi="http://www.w3.org/2001/XMLSchema-instance"
	 xsi:noNamespaceSchemaLocation="http://www.weather.gov/view/current_observation.xsd">
	<credit>NOAA's National Weather Service</credit>
	<credit_URL>http://weather.gov/</credit_URL>
	<image>
		<url>http://weather.gov/images/xml_logo.gif</url>
		<title>NOAA's National Weather Service</title>
		<link>http://weather.gov</link>
	</image>
	<suggested_pickup>15 minutes after the hour</suggested_pickup>
	<suggested_pickup_period>60</suggested_pickup_period>
	<location>Olcott Harbor, NY</location>
	<station_id>OLCN6</station_id>
	<latitude>43.341</latitude>
	<longitude>-78.719</longitude>
	<observation_time>Last Updated on Mar 8 2011, 8:00 pm EST</observation_time>
        <observation_time_rfc822>Tue, 08 Mar 2011 20:00:00 -0500</observation_time_rfc822>
	<temperature_string>31.8 F (-0.1 C)</temperature_string>
	<temp_f>31.8</temp_f>
	<temp_c>-0.1</temp_c>
	<wind_string>from the East at 18.3 gusting to 21.9 MPH (15.93 gusting to 19.04 KT)</wind_string>
	<wind_dir>East</wind_dir>
	<wind_degrees>70</wind_degrees>
	<wind_mph>18.3</wind_mph>
	<wind_gust_mph>21.9</wind_gust_mph>
	<wind_kt>15.93</wind_kt>
	<wind_gust_kt>19.04</wind_gust_kt>
	<pressure_string>1032.2 mb</pressure_string>
	<pressure_mb>1032.2</pressure_mb>
	<windchill_string>20 F (-7 C)</windchill_string>
      	<windchill_f>20</windchill_f>
      	<windchill_c>-7</windchill_c>
	<mean_wave_dir>Northeast</mean_wave_dir>
	<mean_wave_degrees></mean_wave_degrees>
	<disclaimer_url>http://weather.gov/disclaimer.html</disclaimer_url>
	<copyright_url>http://weather.gov/disclaimer.html</copyright_url>
	<privacy_policy_url>http://weather.gov/notice.html</privacy_policy_url>
</current_observation>
