<?xml version="1.0" encoding="ISO-8859-1"?> 
<?xml-stylesheet href="latest_ob.xsl" type="text/xsl"?>
<current_observation version="1.0"
	 xmlns:xsd="http://www.w3.org/2001/XMLSchema"
	 xmlns:xsi="http://www.w3.org/2001/XMLSchema-instance"
	 xsi:noNamespaceSchemaLocation="http://www.weather.gov/view/current_observation.xsd">
	<credit>NOAA's National Weather Service</credit>
	<credit_URL>http://weather.gov/</credit_URL>
	<image>
		<url>http://weather.gov/images/xml_logo.gif</url>
		<title>NOAA's National Weather Service</title>
		<link>http://weather.gov</link>
	</image>
	<suggested_pickup>15 minutes after the hour</suggested_pickup>
	<suggested_pickup_period>60</suggested_pickup_period>
	<location>Healy River Airport, AK</location>
	<station_id>PAHV</station_id>
	<latitude>63.89</latitude>
	<longitude>-149.02</longitude>
	<observation_time>Last Updated on Jan 13 2011, 7:45 pm AKST</observation_time>
        <observation_time_rfc822>Thu, 13 Jan 2011 19:45:00 -0900</observation_time_rfc822>
	<weather>Clear</weather>
	<temperature_string>-11.0 F (-24.0 C)</temperature_string>
	<temp_f>-11.0</temp_f>
	<temp_c>-24.0</temp_c>
	<relative_humidity>76</relative_humidity>
	<wind_string>Calm</wind_string>
	<wind_dir>North</wind_dir>
	<wind_degrees>0</wind_degrees>
	<wind_mph>0.0</wind_mph>
	<wind_kt>0</wind_kt>
	<pressure_in>30.40</pressure_in>
	<dewpoint_string>-16.6 F (-27.0 C)</dewpoint_string>
	<dewpoint_f>-16.6</dewpoint_f>
	<dewpoint_c>-27.0</dewpoint_c>
	<visibility_mi>20.00</visibility_mi>
 	<icon_url_base>http://weather.gov/weather/images/fcicons/</icon_url_base>
	<two_day_history_url>http://www.weather.gov/data/obhistory/PAHV.html</two_day_history_url>
	<icon_url_name>nskc.jpg</icon_url_name>
	<ob_url>http://www.nws.noaa.gov/data/METAR/PAHV.1.txt</ob_url>
	<disclaimer_url>http://weather.gov/disclaimer.html</disclaimer_url>
	<copyright_url>http://weather.gov/disclaimer.html</copyright_url>
	<privacy_policy_url>http://weather.gov/notice.html</privacy_policy_url>
</current_observation>
