<?xml version="1.0" encoding="ISO-8859-1"?> 
<?xml-stylesheet href="latest_ob.xsl" type="text/xsl"?>
<current_observation version="1.0"
	 xmlns:xsd="http://www.w3.org/2001/XMLSchema"
	 xmlns:xsi="http://www.w3.org/2001/XMLSchema-instance"
	 xsi:noNamespaceSchemaLocation="http://www.weather.gov/view/current_observation.xsd">
	<credit>NOAA's National Weather Service</credit>
	<credit_URL>http://weather.gov/</credit_URL>
	<image>
		<url>http://weather.gov/images/xml_logo.gif</url>
		<title>NOAA's National Weather Service</title>
		<link>http://weather.gov</link>
	</image>
	<suggested_pickup>15 minutes after the hour</suggested_pickup>
	<suggested_pickup_period>60</suggested_pickup_period>
	<location>St. Paul Is., AK</location>
	<station_id>PASN</station_id>
	<latitude>57.15</latitude>
	<longitude>-170.22</longitude>
	<observation_time>Last Updated on Mar 8 2011, 5:53 pm AKST</observation_time>
        <observation_time_rfc822>Tue, 08 Mar 2011 17:53:00 -0900</observation_time_rfc822>
	<weather>Fair</weather>
	<temperature_string>29.0 F (-1.7 C)</temperature_string>
	<temp_f>29.0</temp_f>
	<temp_c>-1.7</temp_c>
	<relative_humidity>82</relative_humidity>
	<wind_string>Northeast at 8.1 MPH (7 KT)</wind_string>
	<wind_dir>Northeast</wind_dir>
	<wind_degrees>60</wind_degrees>
	<wind_mph>8.1</wind_mph>
	<wind_kt>7</wind_kt>
	<pressure_string>1009.8 mb</pressure_string>
	<pressure_mb>1009.8</pressure_mb>
	<pressure_in>29.82</pressure_in>
	<dewpoint_string>24.1 F (-4.4 C)</dewpoint_string>
	<dewpoint_f>24.1</dewpoint_f>
	<dewpoint_c>-4.4</dewpoint_c>
	<windchill_string>21 F (-6 C)</windchill_string>
      	<windchill_f>21</windchill_f>
      	<windchill_c>-6</windchill_c>
	<visibility_mi>8.00</visibility_mi>
 	<icon_url_base>http://weather.gov/weather/images/fcicons/</icon_url_base>
	<two_day_history_url>http://www.weather.gov/data/obhistory/PASN.html</two_day_history_url>
	<icon_url_name>skc.jpg</icon_url_name>
	<ob_url>http://www.nws.noaa.gov/data/METAR/PASN.1.txt</ob_url>
	<disclaimer_url>http://weather.gov/disclaimer.html</disclaimer_url>
	<copyright_url>http://weather.gov/disclaimer.html</copyright_url>
	<privacy_policy_url>http://weather.gov/notice.html</privacy_policy_url>
</current_observation>
