<?xml version="1.0" encoding="ISO-8859-1"?> 
<?xml-stylesheet href="latest_ob.xsl" type="text/xsl"?>
<current_observation version="1.0"
	 xmlns:xsd="http://www.w3.org/2001/XMLSchema"
	 xmlns:xsi="http://www.w3.org/2001/XMLSchema-instance"
	 xsi:noNamespaceSchemaLocation="http://www.weather.gov/view/current_observation.xsd">
	<credit>NOAA's National Weather Service</credit>
	<credit_URL>http://weather.gov/</credit_URL>
	<image>
		<url>http://weather.gov/images/xml_logo.gif</url>
		<title>NOAA's National Weather Service</title>
		<link>http://weather.gov</link>
	</image>
	<suggested_pickup>15 minutes after the hour</suggested_pickup>
	<suggested_pickup_period>60</suggested_pickup_period>
	<location>Tin City Airways Facilities Sector, AK</location>
	<station_id>PATC</station_id>
	<latitude>65.57</latitude>
	<longitude>-167.92</longitude>
	<observation_time>Last Updated on Mar 8 2011, 5:55 pm AKST</observation_time>
        <observation_time_rfc822>Tue, 08 Mar 2011 17:55:00 -0900</observation_time_rfc822>
	<weather>Fair and Windy</weather>
	<temperature_string>8.0 F (-13.3 C)</temperature_string>
	<temp_f>8.0</temp_f>
	<temp_c>-13.3</temp_c>
	<relative_humidity>76</relative_humidity>
	<wind_string>North at 26.5 MPH (23 KT)</wind_string>
	<wind_dir>North</wind_dir>
	<wind_degrees>20</wind_degrees>
	<wind_mph>26.5</wind_mph>
	<wind_kt>23</wind_kt>
	<dewpoint_string>2.1 F (-16.6 C)</dewpoint_string>
	<dewpoint_f>2.1</dewpoint_f>
	<dewpoint_c>-16.6</dewpoint_c>
	<windchill_string>-14 F (-26 C)</windchill_string>
      	<windchill_f>-14</windchill_f>
      	<windchill_c>-26</windchill_c>
	<visibility_mi>7.00</visibility_mi>
 	<icon_url_base>http://weather.gov/weather/images/fcicons/</icon_url_base>
	<two_day_history_url>http://www.weather.gov/data/obhistory/PATC.html</two_day_history_url>
	<icon_url_name>wind.jpg</icon_url_name>
	<ob_url>http://www.nws.noaa.gov/data/METAR/PATC.1.txt</ob_url>
	<disclaimer_url>http://weather.gov/disclaimer.html</disclaimer_url>
	<copyright_url>http://weather.gov/disclaimer.html</copyright_url>
	<privacy_policy_url>http://weather.gov/notice.html</privacy_policy_url>
</current_observation>
