<?xml version="1.0" encoding="ISO-8859-1"?> 
<?xml-stylesheet href="latest_ob.xsl" type="text/xsl"?>
<current_observation version="1.0"
	 xmlns:xsd="http://www.w3.org/2001/XMLSchema"
	 xmlns:xsi="http://www.w3.org/2001/XMLSchema-instance"
	 xsi:noNamespaceSchemaLocation="http://www.weather.gov/view/current_observation.xsd">
	<credit>NOAA's National Weather Service</credit>
	<credit_URL>http://weather.gov/</credit_URL>
	<image>
		<url>http://weather.gov/images/xml_logo.gif</url>
		<title>NOAA's National Weather Service</title>
		<link>http://weather.gov</link>
	</image>
	<suggested_pickup>15 minutes after the hour</suggested_pickup>
	<suggested_pickup_period>60</suggested_pickup_period>
	<location>Guam International, GU</location>
	<station_id>PGUM</station_id>
	<latitude>13.48</latitude>
	<longitude>144.8</longitude>
	<observation_time>Last Updated on Mar 9 2011, 12:54 pm ChST</observation_time>
        <observation_time_rfc822>Wed, 09 Mar 2011 12:54:00 +1000</observation_time_rfc822>
	<weather>Fair</weather>
	<temperature_string>88.0 F (31.0 C)</temperature_string>
	<temp_f>88.0</temp_f>
	<temp_c>31.0</temp_c>
	<relative_humidity>55</relative_humidity>
	<wind_string>East at 19.6 MPH (17 KT)</wind_string>
	<wind_dir>East</wind_dir>
	<wind_degrees>70</wind_degrees>
	<wind_mph>19.6</wind_mph>
	<wind_kt>17</wind_kt>
	<pressure_in>29.91</pressure_in>
	<dewpoint_string>69.8 F (21.0 C)</dewpoint_string>
	<dewpoint_f>69.8</dewpoint_f>
	<dewpoint_c>21.0</dewpoint_c>
	<heat_index_string>93 F (34 C)</heat_index_string>
      	<heat_index_f>93</heat_index_f>
      	<heat_index_c>34</heat_index_c>
	<visibility_mi>10.00</visibility_mi>
 	<icon_url_base>http://weather.gov/weather/images/fcicons/</icon_url_base>
	<two_day_history_url>http://www.weather.gov/data/obhistory/PGUM.html</two_day_history_url>
	<icon_url_name>skc.jpg</icon_url_name>
	<ob_url>http://www.nws.noaa.gov/data/METAR/PGUM.1.txt</ob_url>
	<disclaimer_url>http://weather.gov/disclaimer.html</disclaimer_url>
	<copyright_url>http://weather.gov/disclaimer.html</copyright_url>
	<privacy_policy_url>http://weather.gov/notice.html</privacy_policy_url>
</current_observation>
