<?xml version="1.0" encoding="ISO-8859-1"?> 
<?xml-stylesheet href="latest_ob.xsl" type="text/xsl"?>
<current_observation version="1.0"
	 xmlns:xsd="http://www.w3.org/2001/XMLSchema"
	 xmlns:xsi="http://www.w3.org/2001/XMLSchema-instance"
	 xsi:noNamespaceSchemaLocation="http://www.weather.gov/view/current_observation.xsd">
	<credit>NOAA's National Weather Service</credit>
	<credit_URL>http://weather.gov/</credit_URL>
	<image>
		<url>http://weather.gov/images/xml_logo.gif</url>
		<title>NOAA's National Weather Service</title>
		<link>http://weather.gov</link>
	</image>
	<suggested_pickup>15 minutes after the hour</suggested_pickup>
	<suggested_pickup_period>60</suggested_pickup_period>
	<location>Kaneohe Bay MCAF, HI</location>
	<station_id>PHNG</station_id>
	<latitude>21.45</latitude>
	<longitude>-157.783</longitude>
	<observation_time>Last Updated on Mar 8 2011, 3:57 pm HST</observation_time>
        <observation_time_rfc822>Tue, 08 Mar 2011 15:57:00 -1000</observation_time_rfc822>
	<weather>Mostly Cloudy</weather>
	<temperature_string>78.0 F (25.6 C)</temperature_string>
	<temp_f>78.0</temp_f>
	<temp_c>25.6</temp_c>
	<relative_humidity>76</relative_humidity>
	<wind_string>from the Northeast at 10.4 gusting to 18.4 MPH (9 gusting to 16 KT)</wind_string>
	<wind_dir>Northeast</wind_dir>
	<wind_degrees>50</wind_degrees>
	<wind_mph>10.4</wind_mph>
	<wind_gust_mph>18.4</wind_gust_mph>
	<wind_kt>9</wind_kt>
	<wind_gust_kt>16</wind_gust_kt>
	<pressure_string>1016.8 mb</pressure_string>
	<pressure_mb>1016.8</pressure_mb>
	<pressure_in>30.04</pressure_in>
	<dewpoint_string>70.0 F (21.1 C)</dewpoint_string>
	<dewpoint_f>70.0</dewpoint_f>
	<dewpoint_c>21.1</dewpoint_c>
	<visibility_mi>10.00</visibility_mi>
 	<icon_url_base>http://weather.gov/weather/images/fcicons/</icon_url_base>
	<two_day_history_url>http://www.weather.gov/data/obhistory/PHNG.html</two_day_history_url>
	<icon_url_name>bkn.jpg</icon_url_name>
	<ob_url>http://www.nws.noaa.gov/data/METAR/PHNG.1.txt</ob_url>
	<disclaimer_url>http://weather.gov/disclaimer.html</disclaimer_url>
	<copyright_url>http://weather.gov/disclaimer.html</copyright_url>
	<privacy_policy_url>http://weather.gov/notice.html</privacy_policy_url>
</current_observation>
