<?xml version="1.0" encoding="ISO-8859-1"?> 
<?xml-stylesheet href="latest_ob.xsl" type="text/xsl"?>
<current_observation version="1.0"
	 xmlns:xsd="http://www.w3.org/2001/XMLSchema"
	 xmlns:xsi="http://www.w3.org/2001/XMLSchema-instance"
	 xsi:noNamespaceSchemaLocation="http://www.weather.gov/view/current_observation.xsd">
	<credit>NOAA's National Weather Service</credit>
	<credit_URL>http://weather.gov/</credit_URL>
	<image>
		<url>http://weather.gov/images/xml_logo.gif</url>
		<title>NOAA's National Weather Service</title>
		<link>http://weather.gov</link>
	</image>
	<suggested_pickup>15 minutes after the hour</suggested_pickup>
	<suggested_pickup_period>60</suggested_pickup_period>
	<location>Point Retreat, AK</location>
	<station_id>PRTA2</station_id>
	<latitude>58.412</latitude>
	<longitude>-134.953</longitude>
	<observation_time>Last Updated on Mar 8 2011, 3:00 pm AKST</observation_time>
        <observation_time_rfc822>Tue, 08 Mar 2011 15:00:00 -0900</observation_time_rfc822>
	<temperature_string>33.1 F (0.6 C)</temperature_string>
	<temp_f>33.1</temp_f>
	<temp_c>0.6</temp_c>
	<wind_string>from the Northwest at 25.3 gusting to 41.4 MPH (21.96 gusting to 35.96 KT)</wind_string>
	<wind_dir>Northwest</wind_dir>
	<wind_degrees>330</wind_degrees>
	<wind_mph>25.3</wind_mph>
	<wind_gust_mph>41.4</wind_gust_mph>
	<wind_kt>21.96</wind_kt>
	<wind_gust_kt>35.96</wind_gust_kt>
	<pressure_string>1006.8 mb</pressure_string>
	<pressure_mb>1006.8</pressure_mb>
	<pressure_tendency_mb>-0.3</pressure_tendency_mb>
	<dewpoint_string>15.1 F (-9.4 C)</dewpoint_string>
	<dewpoint_f>15.1</dewpoint_f>
	<dewpoint_c>-9.4</dewpoint_c>
	<windchill_string>20 F (-7 C)</windchill_string>
      	<windchill_f>20</windchill_f>
      	<windchill_c>-7</windchill_c>
	<mean_wave_dir>Northeast</mean_wave_dir>
	<mean_wave_degrees></mean_wave_degrees>
	<disclaimer_url>http://weather.gov/disclaimer.html</disclaimer_url>
	<copyright_url>http://weather.gov/disclaimer.html</copyright_url>
	<privacy_policy_url>http://weather.gov/notice.html</privacy_policy_url>
</current_observation>
