<?xml version="1.0" encoding="ISO-8859-1"?> 
<?xml-stylesheet href="latest_ob.xsl" type="text/xsl"?>
<current_observation version="1.0"
	 xmlns:xsd="http://www.w3.org/2001/XMLSchema"
	 xmlns:xsi="http://www.w3.org/2001/XMLSchema-instance"
	 xsi:noNamespaceSchemaLocation="http://www.weather.gov/view/current_observation.xsd">
	<credit>NOAA's National Weather Service</credit>
	<credit_URL>http://weather.gov/</credit_URL>
	<image>
		<url>http://weather.gov/images/xml_logo.gif</url>
		<title>NOAA's National Weather Service</title>
		<link>http://weather.gov</link>
	</image>
	<suggested_pickup>15 minutes after the hour</suggested_pickup>
	<suggested_pickup_period>60</suggested_pickup_period>
	<location>Babelthuap/Koror, PW</location>
	<station_id>PTRO</station_id>
	<latitude>7.33</latitude>
	<longitude>134.48</longitude>
	<observation_time>Last Updated on Mar 9 2011, 11:58 am LST</observation_time>
        <observation_time_rfc822>Wed, 09 Mar 2011 11:58:00 +0900</observation_time_rfc822>
	<weather>Showers in Vicinity</weather>
	<temperature_string>88.0 F (31.0 C)</temperature_string>
	<temp_f>88.0</temp_f>
	<temp_c>31.0</temp_c>
	<relative_humidity>70</relative_humidity>
	<wind_string>Southeast at 10.4 MPH (9 KT)</wind_string>
	<wind_dir>Southeast</wind_dir>
	<wind_degrees>130</wind_degrees>
	<wind_mph>10.4</wind_mph>
	<wind_kt>9</wind_kt>
	<pressure_in>29.89</pressure_in>
	<dewpoint_string>77.0 F (25.0 C)</dewpoint_string>
	<dewpoint_f>77.0</dewpoint_f>
	<dewpoint_c>25.0</dewpoint_c>
	<heat_index_string>100 F (38 C)</heat_index_string>
      	<heat_index_f>100</heat_index_f>
      	<heat_index_c>38</heat_index_c>
	<visibility_mi>14.00</visibility_mi>
 	<icon_url_base>http://weather.gov/weather/images/fcicons/</icon_url_base>
	<two_day_history_url>http://www.weather.gov/data/obhistory/PTRO.html</two_day_history_url>
	<icon_url_name>hi_shwrs.jpg</icon_url_name>
	<ob_url>http://www.nws.noaa.gov/data/METAR/PTRO.1.txt</ob_url>
	<disclaimer_url>http://weather.gov/disclaimer.html</disclaimer_url>
	<copyright_url>http://weather.gov/disclaimer.html</copyright_url>
	<privacy_policy_url>http://weather.gov/notice.html</privacy_policy_url>
</current_observation>
