<?xml version="1.0" encoding="ISO-8859-1"?> 
<?xml-stylesheet href="latest_ob.xsl" type="text/xsl"?>
<current_observation version="1.0"
	 xmlns:xsd="http://www.w3.org/2001/XMLSchema"
	 xmlns:xsi="http://www.w3.org/2001/XMLSchema-instance"
	 xsi:noNamespaceSchemaLocation="http://www.weather.gov/view/current_observation.xsd">
	<credit>NOAA's National Weather Service</credit>
	<credit_URL>http://weather.gov/</credit_URL>
	<image>
		<url>http://weather.gov/images/xml_logo.gif</url>
		<title>NOAA's National Weather Service</title>
		<link>http://weather.gov</link>
	</image>
	<suggested_pickup>15 minutes after the hour</suggested_pickup>
	<suggested_pickup_period>60</suggested_pickup_period>
	<location>9491094 - Red Dog Dock, AK</location>
	<station_id>RDDA2</station_id>
	<latitude>67.577</latitude>
	<longitude>-164.065</longitude>
	<observation_time>Last Updated on Mar 8 2011, 3:54 pm AKST</observation_time>
        <observation_time_rfc822>Tue, 08 Mar 2011 15:54:00 -0900</observation_time_rfc822>
	<temperature_string>4.8 F (-15.1 C)</temperature_string>
	<temp_f>4.8</temp_f>
	<temp_c>-15.1</temp_c>
	<wind_string>from the Southeast at 3.3 gusting to 3.3 MPH (2.91 gusting to 2.91 KT)</wind_string>
	<wind_dir>Southeast</wind_dir>
	<wind_degrees>130</wind_degrees>
	<wind_mph>3.3</wind_mph>
	<wind_gust_mph>3.3</wind_gust_mph>
	<wind_kt>2.91</wind_kt>
	<wind_gust_kt>2.91</wind_gust_kt>
	<pressure_string>1022.3 mb</pressure_string>
	<pressure_mb>1022.3</pressure_mb>
	<mean_wave_dir>Northeast</mean_wave_dir>
	<mean_wave_degrees></mean_wave_degrees>
	<disclaimer_url>http://weather.gov/disclaimer.html</disclaimer_url>
	<copyright_url>http://weather.gov/disclaimer.html</copyright_url>
	<privacy_policy_url>http://weather.gov/notice.html</privacy_policy_url>
</current_observation>
