<?xml version="1.0" encoding="ISO-8859-1"?> 
<?xml-stylesheet href="latest_ob.xsl" type="text/xsl"?>
<current_observation version="1.0"
	 xmlns:xsd="http://www.w3.org/2001/XMLSchema"
	 xmlns:xsi="http://www.w3.org/2001/XMLSchema-instance"
	 xsi:noNamespaceSchemaLocation="http://www.weather.gov/view/current_observation.xsd">
	<credit>NOAA's National Weather Service</credit>
	<credit_URL>http://weather.gov/</credit_URL>
	<image>
		<url>http://weather.gov/images/xml_logo.gif</url>
		<title>NOAA's National Weather Service</title>
		<link>http://weather.gov</link>
	</image>
	<suggested_pickup>15 minutes after the hour</suggested_pickup>
	<suggested_pickup_period>60</suggested_pickup_period>
	<location>8770971 - Rollover Pass, TX</location>
	<station_id>RLOT2</station_id>
	<latitude>29.515</latitude>
	<longitude>-94.513</longitude>
	<observation_time>Last Updated on Mar 8 2011, 6:00 pm CST</observation_time>
        <observation_time_rfc822>Tue, 08 Mar 2011 18:00:00 -0600</observation_time_rfc822>
	<water_temp_f>65.1</water_temp_f>
	<water_temp_c>18.4</water_temp_c>
	<wind_string>from the Southeast at 11.4 gusting to 17.2 MPH (9.91 gusting to 14.96 KT)</wind_string>
	<wind_dir>Southeast</wind_dir>
	<wind_degrees>150</wind_degrees>
	<wind_mph>11.4</wind_mph>
	<wind_gust_mph>17.2</wind_gust_mph>
	<wind_kt>9.91</wind_kt>
	<wind_gust_kt>14.96</wind_gust_kt>
	<mean_wave_dir>Northeast</mean_wave_dir>
	<mean_wave_degrees></mean_wave_degrees>
	<disclaimer_url>http://weather.gov/disclaimer.html</disclaimer_url>
	<copyright_url>http://weather.gov/disclaimer.html</copyright_url>
	<privacy_policy_url>http://weather.gov/notice.html</privacy_policy_url>
</current_observation>
