<?xml version="1.0" encoding="ISO-8859-1"?> 
<?xml-stylesheet href="latest_ob.xsl" type="text/xsl"?>
<current_observation version="1.0"
	 xmlns:xsd="http://www.w3.org/2001/XMLSchema"
	 xmlns:xsi="http://www.w3.org/2001/XMLSchema-instance"
	 xsi:noNamespaceSchemaLocation="http://www.weather.gov/view/current_observation.xsd">
	<credit>NOAA's National Weather Service</credit>
	<credit_URL>http://weather.gov/</credit_URL>
	<image>
		<url>http://weather.gov/images/xml_logo.gif</url>
		<title>NOAA's National Weather Service</title>
		<link>http://weather.gov</link>
	</image>
	<suggested_pickup>15 minutes after the hour</suggested_pickup>
	<suggested_pickup_period>60</suggested_pickup_period>
	<location>St. Augustine, FL</location>
	<station_id>SAUF1</station_id>
	<latitude>29.857</latitude>
	<longitude>-81.265</longitude>
	<observation_time>Last Updated on Mar 8 2011, 8:00 pm EST</observation_time>
        <observation_time_rfc822>Tue, 08 Mar 2011 20:00:00 -0500</observation_time_rfc822>
	<temperature_string>62.8 F (17.1 C)</temperature_string>
	<temp_f>62.8</temp_f>
	<temp_c>17.1</temp_c>
	<water_temp_f>61.3</water_temp_f>
	<water_temp_c>16.3</water_temp_c>
	<wind_string>from the Northeast at 11.4 gusting to 11.4 MPH (9.91 gusting to 9.91 KT)</wind_string>
	<wind_dir>Northeast</wind_dir>
	<wind_degrees>60</wind_degrees>
	<wind_mph>11.4</wind_mph>
	<wind_gust_mph>11.4</wind_gust_mph>
	<wind_kt>9.91</wind_kt>
	<wind_gust_kt>9.91</wind_gust_kt>
	<pressure_string>1023.3 mb</pressure_string>
	<pressure_mb>1023.3</pressure_mb>
	<pressure_tendency_mb>0.0</pressure_tendency_mb>
	<windchill_string>62 F (17 C)</windchill_string>
      	<windchill_f>62</windchill_f>
      	<windchill_c>17</windchill_c>
	<mean_wave_dir>Northeast</mean_wave_dir>
	<mean_wave_degrees></mean_wave_degrees>
	<disclaimer_url>http://weather.gov/disclaimer.html</disclaimer_url>
	<copyright_url>http://weather.gov/disclaimer.html</copyright_url>
	<privacy_policy_url>http://weather.gov/notice.html</privacy_policy_url>
</current_observation>
