<?xml version="1.0" encoding="ISO-8859-1"?> 
<?xml-stylesheet href="latest_ob.xsl" type="text/xsl"?>
<current_observation version="1.0"
	 xmlns:xsd="http://www.w3.org/2001/XMLSchema"
	 xmlns:xsi="http://www.w3.org/2001/XMLSchema-instance"
	 xsi:noNamespaceSchemaLocation="http://www.weather.gov/view/current_observation.xsd">
	<credit>NOAA's National Weather Service</credit>
	<credit_URL>http://weather.gov/</credit_URL>
	<image>
		<url>http://weather.gov/images/xml_logo.gif</url>
		<title>NOAA's National Weather Service</title>
		<link>http://weather.gov</link>
	</image>
	<suggested_pickup>15 minutes after the hour</suggested_pickup>
	<suggested_pickup_period>60</suggested_pickup_period>
	<location>San Francisco Bay Reserve, CA</location>
	<station_id>SFXC1</station_id>
	<latitude>38.223</latitude>
	<longitude>-122.026</longitude>
	<observation_time>Last Updated on Mar 8 2011, 3:45 pm PST</observation_time>
        <observation_time_rfc822>Tue, 08 Mar 2011 15:45:00 -0800</observation_time_rfc822>
	<temperature_string>62.2 F (16.8 C)</temperature_string>
	<temp_f>62.2</temp_f>
	<temp_c>16.8</temp_c>
	<wind_string>West at 11.4 MPH (9.91 KT)</wind_string>
	<wind_dir>West</wind_dir>
	<wind_degrees>280</wind_degrees>
	<wind_mph>11.4</wind_mph>
	<wind_kt>9.91</wind_kt>
	<pressure_string>1023.0 mb</pressure_string>
	<pressure_mb>1023.0</pressure_mb>
	<dewpoint_string>49.6 F (9.8 C)</dewpoint_string>
	<dewpoint_f>49.6</dewpoint_f>
	<dewpoint_c>9.8</dewpoint_c>
	<windchill_string>61 F (16 C)</windchill_string>
      	<windchill_f>61</windchill_f>
      	<windchill_c>16</windchill_c>
	<mean_wave_dir>Northeast</mean_wave_dir>
	<mean_wave_degrees></mean_wave_degrees>
	<disclaimer_url>http://weather.gov/disclaimer.html</disclaimer_url>
	<copyright_url>http://weather.gov/disclaimer.html</copyright_url>
	<privacy_policy_url>http://weather.gov/notice.html</privacy_policy_url>
</current_observation>
