<?xml version="1.0" encoding="ISO-8859-1"?> 
<?xml-stylesheet href="latest_ob.xsl" type="text/xsl"?>
<current_observation version="1.0"
	 xmlns:xsd="http://www.w3.org/2001/XMLSchema"
	 xmlns:xsi="http://www.w3.org/2001/XMLSchema-instance"
	 xsi:noNamespaceSchemaLocation="http://www.weather.gov/view/current_observation.xsd">
	<credit>NOAA's National Weather Service</credit>
	<credit_URL>http://weather.gov/</credit_URL>
	<image>
		<url>http://weather.gov/images/xml_logo.gif</url>
		<title>NOAA's National Weather Service</title>
		<link>http://weather.gov</link>
	</image>
	<suggested_pickup>15 minutes after the hour</suggested_pickup>
	<suggested_pickup_period>60</suggested_pickup_period>
	<location>Unknown Station</location>
	<station_id>SH083</station_id>
	<observation_time>Last Updated on Mar 8 2011, 8:00 pm EST</observation_time>
        <observation_time_rfc822>Tue, 08 Mar 2011 20:00:00 -0500</observation_time_rfc822>
	<temperature_string>19.0 F (-7.2 C)</temperature_string>
	<temp_f>19.0</temp_f>
	<temp_c>-7.2</temp_c>
	<water_temp_f>19.0</water_temp_f>
	<water_temp_c>-7.2</water_temp_c>
	<pressure_string>1032.0 mb</pressure_string>
	<pressure_mb>1032.0</pressure_mb>
	<pressure_tendency_mb>0.6</pressure_tendency_mb>
	<dewpoint_string>18.9 F (-7.3 C)</dewpoint_string>
	<dewpoint_f>18.9</dewpoint_f>
	<dewpoint_c>-7.3</dewpoint_c>
	<mean_wave_dir>Northeast</mean_wave_dir>
	<mean_wave_degrees></mean_wave_degrees>
	<disclaimer_url>http://weather.gov/disclaimer.html</disclaimer_url>
	<copyright_url>http://weather.gov/disclaimer.html</copyright_url>
	<privacy_policy_url>http://weather.gov/notice.html</privacy_policy_url>
</current_observation>
