<?xml version="1.0" encoding="ISO-8859-1"?> 
<?xml-stylesheet href="latest_ob.xsl" type="text/xsl"?>
<current_observation version="1.0"
	 xmlns:xsd="http://www.w3.org/2001/XMLSchema"
	 xmlns:xsi="http://www.w3.org/2001/XMLSchema-instance"
	 xsi:noNamespaceSchemaLocation="http://www.weather.gov/view/current_observation.xsd">
	<credit>NOAA's National Weather Service</credit>
	<credit_URL>http://weather.gov/</credit_URL>
	<image>
		<url>http://weather.gov/images/xml_logo.gif</url>
		<title>NOAA's National Weather Service</title>
		<link>http://weather.gov</link>
	</image>
	<suggested_pickup>15 minutes after the hour</suggested_pickup>
	<suggested_pickup_period>60</suggested_pickup_period>
	<location>Unknown Station</location>
	<station_id>SH081</station_id>
	<observation_time>Last Updated on Mar 8 2011, 8:00 pm EST</observation_time>
        <observation_time_rfc822>Tue, 08 Mar 2011 20:00:00 -0500</observation_time_rfc822>
	<temperature_string>44.8 F (7.1 C)</temperature_string>
	<temp_f>44.8</temp_f>
	<temp_c>7.1</temp_c>
	<water_temp_f>44.8</water_temp_f>
	<water_temp_c>7.1</water_temp_c>
	<wind_string>Southeast at 41.4 MPH (35.96 KT)</wind_string>
	<wind_dir>Southeast</wind_dir>
	<wind_degrees>130</wind_degrees>
	<wind_mph>41.4</wind_mph>
	<wind_kt>35.96</wind_kt>
	<pressure_string>1032.0 mb</pressure_string>
	<pressure_mb>1032.0</pressure_mb>
	<dewpoint_string>39.7 F (4.3 C)</dewpoint_string>
	<dewpoint_f>39.7</dewpoint_f>
	<dewpoint_c>4.3</dewpoint_c>
	<windchill_string>33 F (1 C)</windchill_string>
      	<windchill_f>33</windchill_f>
      	<windchill_c>1</windchill_c>
	<mean_wave_dir>Northeast</mean_wave_dir>
	<mean_wave_degrees></mean_wave_degrees>
	<disclaimer_url>http://weather.gov/disclaimer.html</disclaimer_url>
	<copyright_url>http://weather.gov/disclaimer.html</copyright_url>
	<privacy_policy_url>http://weather.gov/notice.html</privacy_policy_url>
</current_observation>
