<?xml version="1.0" encoding="ISO-8859-1"?> 
<?xml-stylesheet href="latest_ob.xsl" type="text/xsl"?>
<current_observation version="1.0"
	 xmlns:xsd="http://www.w3.org/2001/XMLSchema"
	 xmlns:xsi="http://www.w3.org/2001/XMLSchema-instance"
	 xsi:noNamespaceSchemaLocation="http://www.weather.gov/view/current_observation.xsd">
	<credit>NOAA's National Weather Service</credit>
	<credit_URL>http://weather.gov/</credit_URL>
	<image>
		<url>http://weather.gov/images/xml_logo.gif</url>
		<title>NOAA's National Weather Service</title>
		<link>http://weather.gov</link>
	</image>
	<suggested_pickup>15 minutes after the hour</suggested_pickup>
	<suggested_pickup_period>60</suggested_pickup_period>
	<location>Unknown Station</location>
	<station_id>SH127</station_id>
	<observation_time>Last Updated on Mar 8 2011, 3:00 pm EST</observation_time>
        <observation_time_rfc822>Tue, 08 Mar 2011 15:00:00 -0500</observation_time_rfc822>
	<temperature_string>54.1 F (12.3 C)</temperature_string>
	<temp_f>54.1</temp_f>
	<temp_c>12.3</temp_c>
	<water_temp_f>54.1</water_temp_f>
	<water_temp_c>12.3</water_temp_c>
	<wind_string>North at 27.7 MPH (24.1 KT)</wind_string>
	<wind_dir>North</wind_dir>
	<wind_degrees>360</wind_degrees>
	<wind_mph>27.7</wind_mph>
	<wind_kt>24.1</wind_kt>
	<pressure_string>1032.0 mb</pressure_string>
	<pressure_mb>1032.0</pressure_mb>
	<pressure_tendency_mb>2.3</pressure_tendency_mb>
	<dewpoint_string>45.5 F (7.5 C)</dewpoint_string>
	<dewpoint_f>45.5</dewpoint_f>
	<dewpoint_c>7.5</dewpoint_c>
	<windchill_string>48 F (9 C)</windchill_string>
      	<windchill_f>48</windchill_f>
      	<windchill_c>9</windchill_c>
	<mean_wave_dir>Northeast</mean_wave_dir>
	<mean_wave_degrees></mean_wave_degrees>
	<disclaimer_url>http://weather.gov/disclaimer.html</disclaimer_url>
	<copyright_url>http://weather.gov/disclaimer.html</copyright_url>
	<privacy_policy_url>http://weather.gov/notice.html</privacy_policy_url>
</current_observation>
