<?xml version="1.0" encoding="ISO-8859-1"?> 
<?xml-stylesheet href="latest_ob.xsl" type="text/xsl"?>
<current_observation version="1.0"
	 xmlns:xsd="http://www.w3.org/2001/XMLSchema"
	 xmlns:xsi="http://www.w3.org/2001/XMLSchema-instance"
	 xsi:noNamespaceSchemaLocation="http://www.weather.gov/view/current_observation.xsd">
	<credit>NOAA's National Weather Service</credit>
	<credit_URL>http://weather.gov/</credit_URL>
	<image>
		<url>http://weather.gov/images/xml_logo.gif</url>
		<title>NOAA's National Weather Service</title>
		<link>http://weather.gov</link>
	</image>
	<suggested_pickup>15 minutes after the hour</suggested_pickup>
	<suggested_pickup_period>60</suggested_pickup_period>
	<location>Unknown Station</location>
	<station_id>SH143</station_id>
	<observation_time>Last Updated on Mar 8 2011, 1:00 pm EST</observation_time>
        <observation_time_rfc822>Tue, 08 Mar 2011 13:00:00 -0500</observation_time_rfc822>
	<temperature_string>46.4 F (8.0 C)</temperature_string>
	<temp_f>46.4</temp_f>
	<temp_c>8.0</temp_c>
	<water_temp_f>46.4</water_temp_f>
	<water_temp_c>8.0</water_temp_c>
	<wind_string>Northeast at 19.7 MPH (17.1 KT)</wind_string>
	<wind_dir>Northeast</wind_dir>
	<wind_degrees>50</wind_degrees>
	<wind_mph>19.7</wind_mph>
	<wind_kt>17.1</wind_kt>
	<pressure_string>1033.0 mb</pressure_string>
	<pressure_mb>1033.0</pressure_mb>
	<pressure_tendency_mb>-2.0</pressure_tendency_mb>
	<dewpoint_string>40.8 F (4.9 C)</dewpoint_string>
	<dewpoint_f>40.8</dewpoint_f>
	<dewpoint_c>4.9</dewpoint_c>
	<windchill_string>39 F (4 C)</windchill_string>
      	<windchill_f>39</windchill_f>
      	<windchill_c>4</windchill_c>
	<visibility_mi>5.00</visibility_mi>
	<wave_height_m>0.01</wave_height_m>
	<wave_height_ft>0.03</wave_height_ft>
	<mean_wave_dir>Northeast</mean_wave_dir>
	<mean_wave_degrees></mean_wave_degrees>
	<disclaimer_url>http://weather.gov/disclaimer.html</disclaimer_url>
	<copyright_url>http://weather.gov/disclaimer.html</copyright_url>
	<privacy_policy_url>http://weather.gov/notice.html</privacy_policy_url>
</current_observation>
