<?xml version="1.0" encoding="ISO-8859-1"?> 
<?xml-stylesheet href="latest_ob.xsl" type="text/xsl"?>
<current_observation version="1.0"
	 xmlns:xsd="http://www.w3.org/2001/XMLSchema"
	 xmlns:xsi="http://www.w3.org/2001/XMLSchema-instance"
	 xsi:noNamespaceSchemaLocation="http://www.weather.gov/view/current_observation.xsd">
	<credit>NOAA's National Weather Service</credit>
	<credit_URL>http://weather.gov/</credit_URL>
	<image>
		<url>http://weather.gov/images/xml_logo.gif</url>
		<title>NOAA's National Weather Service</title>
		<link>http://weather.gov</link>
	</image>
	<suggested_pickup>15 minutes after the hour</suggested_pickup>
	<suggested_pickup_period>60</suggested_pickup_period>
	<location>Unknown Station</location>
	<station_id>SH158</station_id>
	<observation_time>Last Updated on Mar 8 2011, 1:00 pm EST</observation_time>
        <observation_time_rfc822>Tue, 08 Mar 2011 13:00:00 -0500</observation_time_rfc822>
	<temperature_string>59.9 F (15.5 C)</temperature_string>
	<temp_f>59.9</temp_f>
	<temp_c>15.5</temp_c>
	<water_temp_f>59.9</water_temp_f>
	<water_temp_c>15.5</water_temp_c>
	<wind_string>Northeast at 17.2 MPH (14.96 KT)</wind_string>
	<wind_dir>Northeast</wind_dir>
	<wind_degrees>50</wind_degrees>
	<wind_mph>17.2</wind_mph>
	<wind_kt>14.96</wind_kt>
	<pressure_string>1033.0 mb</pressure_string>
	<pressure_mb>1033.0</pressure_mb>
	<pressure_tendency_mb>1.5</pressure_tendency_mb>
	<dewpoint_string>52.2 F (11.2 C)</dewpoint_string>
	<dewpoint_f>52.2</dewpoint_f>
	<dewpoint_c>11.2</dewpoint_c>
	<windchill_string>57 F (14 C)</windchill_string>
      	<windchill_f>57</windchill_f>
      	<windchill_c>14</windchill_c>
	<visibility_mi>5.00</visibility_mi>
	<wave_height_m>0.01</wave_height_m>
	<wave_height_ft>0.03</wave_height_ft>
	<dominant_period_sec>1</dominant_period_sec>
	<mean_wave_dir>Northeast</mean_wave_dir>
	<mean_wave_degrees></mean_wave_degrees>
	<disclaimer_url>http://weather.gov/disclaimer.html</disclaimer_url>
	<copyright_url>http://weather.gov/disclaimer.html</copyright_url>
	<privacy_policy_url>http://weather.gov/notice.html</privacy_policy_url>
</current_observation>
