<?xml version="1.0" encoding="ISO-8859-1"?> 
<?xml-stylesheet href="latest_ob.xsl" type="text/xsl"?>
<current_observation version="1.0"
	 xmlns:xsd="http://www.w3.org/2001/XMLSchema"
	 xmlns:xsi="http://www.w3.org/2001/XMLSchema-instance"
	 xsi:noNamespaceSchemaLocation="http://www.weather.gov/view/current_observation.xsd">
	<credit>NOAA's National Weather Service</credit>
	<credit_URL>http://weather.gov/</credit_URL>
	<image>
		<url>http://weather.gov/images/xml_logo.gif</url>
		<title>NOAA's National Weather Service</title>
		<link>http://weather.gov</link>
	</image>
	<suggested_pickup>15 minutes after the hour</suggested_pickup>
	<suggested_pickup_period>60</suggested_pickup_period>
	<location>Unknown Station</location>
	<station_id>SH180</station_id>
	<observation_time>Last Updated on Mar 8 2011, 1:00 pm EST</observation_time>
        <observation_time_rfc822>Tue, 08 Mar 2011 13:00:00 -0500</observation_time_rfc822>
	<temperature_string>41.5 F (5.3 C)</temperature_string>
	<temp_f>41.5</temp_f>
	<temp_c>5.3</temp_c>
	<water_temp_f>41.5</water_temp_f>
	<water_temp_c>5.3</water_temp_c>
	<wind_string>Northeast at 24.2 MPH (20.99 KT)</wind_string>
	<wind_dir>Northeast</wind_dir>
	<wind_degrees>50</wind_degrees>
	<wind_mph>24.2</wind_mph>
	<wind_kt>20.99</wind_kt>
	<pressure_string>1033.0 mb</pressure_string>
	<pressure_mb>1033.0</pressure_mb>
	<pressure_tendency_mb>0.5</pressure_tendency_mb>
	<dewpoint_string>33.4 F (0.8 C)</dewpoint_string>
	<dewpoint_f>33.4</dewpoint_f>
	<dewpoint_c>0.8</dewpoint_c>
	<windchill_string>32 F (0 C)</windchill_string>
      	<windchill_f>32</windchill_f>
      	<windchill_c>0</windchill_c>
	<visibility_mi>5.00</visibility_mi>
	<wave_height_m>0.05</wave_height_m>
	<wave_height_ft>0.16</wave_height_ft>
	<dominant_period_sec>8</dominant_period_sec>
	<mean_wave_dir>Northeast</mean_wave_dir>
	<mean_wave_degrees></mean_wave_degrees>
	<disclaimer_url>http://weather.gov/disclaimer.html</disclaimer_url>
	<copyright_url>http://weather.gov/disclaimer.html</copyright_url>
	<privacy_policy_url>http://weather.gov/notice.html</privacy_policy_url>
</current_observation>
