<?xml version="1.0" encoding="ISO-8859-1"?> 
<?xml-stylesheet href="latest_ob.xsl" type="text/xsl"?>
<current_observation version="1.0"
	 xmlns:xsd="http://www.w3.org/2001/XMLSchema"
	 xmlns:xsi="http://www.w3.org/2001/XMLSchema-instance"
	 xsi:noNamespaceSchemaLocation="http://www.weather.gov/view/current_observation.xsd">
	<credit>NOAA's National Weather Service</credit>
	<credit_URL>http://weather.gov/</credit_URL>
	<image>
		<url>http://weather.gov/images/xml_logo.gif</url>
		<title>NOAA's National Weather Service</title>
		<link>http://weather.gov</link>
	</image>
	<suggested_pickup>15 minutes after the hour</suggested_pickup>
	<suggested_pickup_period>60</suggested_pickup_period>
	<location>Unknown Station</location>
	<station_id>SH349</station_id>
	<observation_time>Last Updated on Mar 7 2011, 1:00 pm EST</observation_time>
        <observation_time_rfc822>Mon, 07 Mar 2011 13:00:00 -0500</observation_time_rfc822>
	<temperature_string>0.5 F (-17.5 C)</temperature_string>
	<temp_f>0.5</temp_f>
	<temp_c>-17.5</temp_c>
	<water_temp_f>0.5</water_temp_f>
	<water_temp_c>-17.5</water_temp_c>
	<wind_string>Northwest at 4.5 MPH (3.88 KT)</wind_string>
	<wind_dir>Northwest</wind_dir>
	<wind_degrees>310</wind_degrees>
	<wind_mph>4.5</wind_mph>
	<wind_kt>3.88</wind_kt>
	<pressure_string>1020.0 mb</pressure_string>
	<pressure_mb>1020.0</pressure_mb>
	<pressure_tendency_mb>-1.2</pressure_tendency_mb>
	<dewpoint_string>-4.5 F (-20.3 C)</dewpoint_string>
	<dewpoint_f>-4.5</dewpoint_f>
	<dewpoint_c>-20.3</dewpoint_c>
	<windchill_string>-9 F (-23 C)</windchill_string>
      	<windchill_f>-9</windchill_f>
      	<windchill_c>-23</windchill_c>
	<visibility_mi>11.00</visibility_mi>
	<mean_wave_dir>Northeast</mean_wave_dir>
	<mean_wave_degrees></mean_wave_degrees>
	<disclaimer_url>http://weather.gov/disclaimer.html</disclaimer_url>
	<copyright_url>http://weather.gov/disclaimer.html</copyright_url>
	<privacy_policy_url>http://weather.gov/notice.html</privacy_policy_url>
</current_observation>
