<?xml version="1.0" encoding="ISO-8859-1"?> 
<?xml-stylesheet href="latest_ob.xsl" type="text/xsl"?>
<current_observation version="1.0"
	 xmlns:xsd="http://www.w3.org/2001/XMLSchema"
	 xmlns:xsi="http://www.w3.org/2001/XMLSchema-instance"
	 xsi:noNamespaceSchemaLocation="http://www.weather.gov/view/current_observation.xsd">
	<credit>NOAA's National Weather Service</credit>
	<credit_URL>http://weather.gov/</credit_URL>
	<image>
		<url>http://weather.gov/images/xml_logo.gif</url>
		<title>NOAA's National Weather Service</title>
		<link>http://weather.gov</link>
	</image>
	<suggested_pickup>15 minutes after the hour</suggested_pickup>
	<suggested_pickup_period>60</suggested_pickup_period>
	<location>Salt River Bay, St. Croix, U.S. Virgin Islands</location>
	<station_id>SRBV3</station_id>
	<latitude>17.784</latitude>
	<longitude>-64.762</longitude>
	<observation_time>Last Updated on Mar 9 2011, 12:00 am NST </observation_time>
        <observation_time_rfc822>Wed, 09 Mar 2011 00:00:00 +0000</observation_time_rfc822>
	<temperature_string>76.5 F (24.7 C)</temperature_string>
	<temp_f>76.5</temp_f>
	<temp_c>24.7</temp_c>
	<water_temp_f>78.6</water_temp_f>
	<water_temp_c>25.9</water_temp_c>
	<wind_string>from the Northeast at 15.0 gusting to 18.3 MPH (13.02 gusting to 15.93 KT)</wind_string>
	<wind_dir>Northeast</wind_dir>
	<wind_degrees>40</wind_degrees>
	<wind_mph>15.0</wind_mph>
	<wind_gust_mph>18.3</wind_gust_mph>
	<wind_kt>13.02</wind_kt>
	<wind_gust_kt>15.93</wind_gust_kt>
	<pressure_string>1015.7 mb</pressure_string>
	<pressure_mb>1015.7</pressure_mb>
	<pressure_tendency_mb>1.2</pressure_tendency_mb>
	<dewpoint_string>59.9 F (15.5 C)</dewpoint_string>
	<dewpoint_f>59.9</dewpoint_f>
	<dewpoint_c>15.5</dewpoint_c>
	<mean_wave_dir>Northeast</mean_wave_dir>
	<mean_wave_degrees></mean_wave_degrees>
	<disclaimer_url>http://weather.gov/disclaimer.html</disclaimer_url>
	<copyright_url>http://weather.gov/disclaimer.html</copyright_url>
	<privacy_policy_url>http://weather.gov/notice.html</privacy_policy_url>
</current_observation>
