<?xml version="1.0" encoding="ISO-8859-1"?> 
<?xml-stylesheet href="latest_ob.xsl" type="text/xsl"?>
<current_observation version="1.0"
	 xmlns:xsd="http://www.w3.org/2001/XMLSchema"
	 xmlns:xsi="http://www.w3.org/2001/XMLSchema-instance"
	 xsi:noNamespaceSchemaLocation="http://www.weather.gov/view/current_observation.xsd">
	<credit>NOAA's National Weather Service</credit>
	<credit_URL>http://weather.gov/</credit_URL>
	<image>
		<url>http://weather.gov/images/xml_logo.gif</url>
		<title>NOAA's National Weather Service</title>
		<link>http://weather.gov</link>
	</image>
	<suggested_pickup>15 minutes after the hour</suggested_pickup>
	<suggested_pickup_period>60</suggested_pickup_period>
	<location>Superior Shoals, NY</location>
	<station_id>SUPN6</station_id>
	<latitude>44.467</latitude>
	<longitude>-75.8</longitude>
	<observation_time>Last Updated on Nov 16 2009, 9:00 am EST</observation_time>
        <observation_time_rfc822>Mon, 16 Nov 2009 09:00:00 -0500</observation_time_rfc822>
	<temperature_string>39.4 F (4.1 C)</temperature_string>
	<temp_f>39.4</temp_f>
	<temp_c>4.1</temp_c>
	<water_temp_f>49.3</water_temp_f>
	<water_temp_c>9.6</water_temp_c>
	<wind_string>from the North at 6.9 gusting to 8.0 MPH (6.02 gusting to 6.99 KT)</wind_string>
	<wind_dir>North</wind_dir>
	<wind_degrees>340</wind_degrees>
	<wind_mph>6.9</wind_mph>
	<wind_gust_mph>8.0</wind_gust_mph>
	<wind_kt>6.02</wind_kt>
	<wind_gust_kt>6.99</wind_gust_kt>
	<pressure_string>1022.7 mb</pressure_string>
	<pressure_mb>1022.7</pressure_mb>
	<pressure_tendency_mb>0.9</pressure_tendency_mb>
	<dewpoint_string>28.4 F (-2.0 C)</dewpoint_string>
	<dewpoint_f>28.4</dewpoint_f>
	<dewpoint_c>-2.0</dewpoint_c>
	<windchill_string>34 F (1 C)</windchill_string>
      	<windchill_f>34</windchill_f>
      	<windchill_c>1</windchill_c>
	<mean_wave_dir>East</mean_wave_dir>
	<mean_wave_degrees></mean_wave_degrees>
	<disclaimer_url>http://weather.gov/disclaimer.html</disclaimer_url>
	<copyright_url>http://weather.gov/disclaimer.html</copyright_url>
	<privacy_policy_url>http://weather.gov/notice.html</privacy_policy_url>
</current_observation>
