<?xml version="1.0" encoding="ISO-8859-1"?> 
<?xml-stylesheet href="latest_ob.xsl" type="text/xsl"?>
<current_observation version="1.0"
	 xmlns:xsd="http://www.w3.org/2001/XMLSchema"
	 xmlns:xsi="http://www.w3.org/2001/XMLSchema-instance"
	 xsi:noNamespaceSchemaLocation="http://www.weather.gov/view/current_observation.xsd">
	<credit>NOAA's National Weather Service</credit>
	<credit_URL>http://weather.gov/</credit_URL>
	<image>
		<url>http://weather.gov/images/xml_logo.gif</url>
		<title>NOAA's National Weather Service</title>
		<link>http://weather.gov</link>
	</image>
	<suggested_pickup>15 minutes after the hour</suggested_pickup>
	<suggested_pickup_period>60</suggested_pickup_period>
	<location>Weeks Bay Reserve, AL</location>
	<station_id>WKXA1</station_id>
	<latitude>30.415</latitude>
	<longitude>-87.826</longitude>
	<observation_time>Last Updated on Jun 4 2010, 11:45 am CST</observation_time>
        <observation_time_rfc822>Fri,  4 Jun 2010 11:45:00 -0600</observation_time_rfc822>
	<temperature_string>85.1 F (29.5 C)</temperature_string>
	<temp_f>85.1</temp_f>
	<temp_c>29.5</temp_c>
	<wind_string>South at 3.3 MPH (2.91 KT)</wind_string>
	<wind_dir>South</wind_dir>
	<wind_degrees>190</wind_degrees>
	<wind_mph>3.3</wind_mph>
	<wind_kt>2.91</wind_kt>
	<pressure_string>1013.0 mb</pressure_string>
	<pressure_mb>1013.0</pressure_mb>
	<dewpoint_string>73.6 F (23.1 C)</dewpoint_string>
	<dewpoint_f>73.6</dewpoint_f>
	<dewpoint_c>23.1</dewpoint_c>
	<mean_wave_dir>Northeast</mean_wave_dir>
	<mean_wave_degrees></mean_wave_degrees>
	<disclaimer_url>http://weather.gov/disclaimer.html</disclaimer_url>
	<copyright_url>http://weather.gov/disclaimer.html</copyright_url>
	<privacy_policy_url>http://weather.gov/notice.html</privacy_policy_url>
</current_observation>
